Workbook

Sheet Post Engagement Lift
A1: Post ID | B1: Platform | C1: Date | D1: Content Type | E1: Post Text | F1: Likes | G1: Shares | H1: Comments | I1: Impressions | J1: Total_Engagement | K1: Reach | L1: Clicks | M1: Primary_Hashtags | N1: Primary_Hashtags | O1: Primary_Hashtags | P1: Campaign_Name | Q1: Total_Budget | R1: Total_Budget | S1: Total_Budget | T1: ROI | U1: Growth | V1: END_DATE | W1: Period | AE1: =IFERROR( INDEX(Engagement!$A$2:$A$100, MATCH(M6, Campaign!$B$2:$B$100, 0)), "" )
A2: P001 | B2: Twitter | C2: 45649 | D2: Reel | E2: Check out our latest reel on twitter! | F2: 1461 | G2: 184 | H2: 344 | I2: 21915 | J2: =F2+G2+H2+L2 -> 2004 | K2: 21675 | L2: 15 | M2: FutureOfDriving | N2: AnytimeIsTeslaTime | P2: CybertruckLaunch | Q2: =IFERROR( INDEX(Campaign!$C$2:$C$100, MATCH(M2, Campaign!$E$2:$E$100, 0)), 0 ) -> 0 | R2: =IFERROR( INDEX(Campaign!$C$2:$C$100, MATCH(N2, Campaign!$E$2:$E$100, 0)), 0 ) -> 200000 | S2: =IFERROR( INDEX(Campaign!$C$2:$C$100, MATCH(O2, Campaign!$E$2:$E$100, 0)), 0 ) -> 0 | T2: =IF((Q2+R2+S2)=0, "", J2/(Q2+R2+S2)) -> 0.01002 | U2: =(F2+H2+G2)/I2 -> 0.090759754 | V2: =IFERROR( INDEX(Campaign!$A$2:$A$100, MATCH(M6, Campaign!$E$2:$E$100, 0)), "" ) -> 45488 | W2: =IF(TRIM(O2)="","Before", "During") -> Before
A3: P002 | B3: Twitter | C3: 45750 | D3: Text | E3: Check out our latest text on twitter! | F3: 4054 | G3: 389 | H3: 493 | I3: 64864 | J3: =F3+G3+H3+L3 -> 5053 | K3: 64383 | L3: 117 | M3: TeslaCoInnovation | N3: BetterWithTesla | P3: ModelYCampaign | Q3: =IFERROR( INDEX(Campaign!$C$2:$C$100, MATCH(M3, Campaign!$E$2:$E$100, 0)), 0 ) -> 0 | R3: =IFERROR( INDEX(Campaign!$C$2:$C$100, MATCH(N3, Campaign!$E$2:$E$100, 0)), 0 ) -> 180000 | S3: =IFERROR( INDEX(Campaign!$C$2:$C$100, MATCH(O3, Campaign!$E$2:$E$100, 0)), 0 ) -> 0 | T3: =IF((Q3+R3+S3)=0, "", J3/(Q3+R3+S3)) -> 0.028072222 | U3: =(F3+H3+G3)/I3 -> 0.076097681 | V3: =IFERROR( INDEX(Campaign!$A$2:$A$100, MATCH(M7, Campaign!$E$2:$E$100, 0)), "" ) | W3: =IF(TRIM(O3)="","Before", "During") -> Before
A4: P003 | B4: YouTube | C4: 45789 | D4: Reel | E4: Check out our latest reel on youtube! | F4: 2795 | G4: 105 | H4: 49 | I4: 53105 | J4: =F4+G4+H4+L4 -> 3153 | K4: 52307 | L4: 204 | M4: TeslaCoInnovation | P4: FSDUpdate | Q4: =IFERROR( INDEX(Campaign!$C$2:$C$100, MATCH(M4, Campaign!$E$2:$E$100, 0)), 0 ) -> 0 | R4: =IFERROR( INDEX(Campaign!$C$2:$C$100, MATCH(N4, Campaign!$E$2:$E$100, 0)), 0 ) -> 0 | S4: =IFERROR( INDEX(Campaign!$C$2:$C$100, MATCH(O4, Campaign!$E$2:$E$100, 0)), 0 ) -> 0 | T4: =IF((Q4+R4+S4)=0, "", J4/(Q4+R4+S4)) | U4: =(F4+H4+G4)/I4 -> 0.055531494 | V4: =IFERROR( INDEX(Campaign!$A$2:$A$100, MATCH(M8, Campaign!$E$2:$E$100, 0)), "" ) | W4: =IF(TRIM(O4)="","Before", "During") -> Before
A5: P004 | B5: Instagram | C5: 45516 | D5: Story | E5: Check out our latest story on instagram! | F5: 2404 | G5: 363 | H5: 138 | I5: 19232 | J5: =F5+G5+H5+L5 -> 3033 | K5: 18636 | L5: 128 | M5: EVRevolution | P5: SustainabilityDrive | Q5: =IFERROR( INDEX(Campaign!$C$2:$C$100, MATCH(M5, Campaign!$E$2:$E$100, 0)), 0 ) -> 150000 | R5: =IFERROR( INDEX(Campaign!$C$2:$C$100, MATCH(N5, Campaign!$E$2:$E$100, 0)), 0 ) -> 0 | S5: =IFERROR( INDEX(Campaign!$C$2:$C$100, MATCH(O5, Campaign!$E$2:$E$100, 0)), 0 ) -> 0 | T5: =IF((Q5+R5+S5)=0, "", J5/(Q5+R5+S5)) -> 0.02022 | U5: =(F5+H5+G5)/I5 -> 0.15105033 | V5: =IFERROR( INDEX(Campaign!$A$2:$A$100, MATCH(M9, Campaign!$E$2:$E$100, 0)), "" ) -> 45488 | W5: =IF(TRIM(O5)="","Before", "During") -> Before
A6: P005 | B6: YouTube | C6: 45469 | D6: Reel | E6: Check out our latest reel on youtube! | F6: 3557 | G6: 687 | H6: 424 | I6: 71140 | J6: =F6+G6+H6+L6 -> 4892 | K6: 70701 | L6: 224 | M6: EVRevolution | N6: TeslaCoInnovation | P6: CybertruckLaunch | Q6: =IFERROR( INDEX(Campaign!$C$2:$C$100, MATCH(M6, Campaign!$E$2:$E$100, 0)), 0 ) -> 150000 | R6: =IFERROR( INDEX(Campaign!$C$2:$C$100, MATCH(N6, Campaign!$E$2:$E$100, 0)), 0 ) -> 0 | S6: =IFERROR( INDEX(Campaign!$C$2:$C$100, MATCH(O6, Campaign!$E$2:$E$100, 0)), 0 ) -> 0 | T6: =IF((Q6+R6+S6)=0, "", J6/(Q6+R6+S6)) -> 0.032613333 | U6: =(F6+H6+G6)/I6 -> 0.065617093 | V6: =IFERROR( INDEX(Campaign!$A$2:$A$100, MATCH(M10, Campaign!$E$2:$E$100, 0)), "" ) | W6: =IF(TRIM(O6)="","Before", "During") -> Before
A7: P006 | B7: Facebook | C7: 45596 | D7: Carousel | E7: Check out our latest carousel on facebook! | F7: 2945 | G7: 930 | H7: 355 | I7: 23560 | J7: =F7+G7+H7+L7 -> 4486 | K7: 23275 | L7: 256 | M7: TeslaCoInnovation | P7: ModelYCampaign | Q7: =IFERROR( INDEX(Campaign!$C$2:$C$100, MATCH(M7, Campaign!$E$2:$E$100, 0)), 0 ) -> 0 | R7: =IFERROR( INDEX(Campaign!$C$2:$C$100, MATCH(N7, Campaign!$E$2:$E$100, 0)), 0 ) -> 0 | S7: =IFERROR( INDEX(Campaign!$C$2:$C$100, MATCH(O7, Campaign!$E$2:$E$100, 0)), 0 ) -> 0 | T7: =IF((Q7+R7+S7)=0, "", J7/(Q7+R7+S7)) | U7: =(F7+H7+G7)/I7 -> 0.1795416 | V7: =IFERROR( INDEX(Campaign!$A$2:$A$100, MATCH(M11, Campaign!$E$2:$E$100, 0)), "" ) | W7: =IF(TRIM(O7)="","Before", "During") -> Before
A8: P007 | B8: Twitter | C8: 45467 | D8: Carousel | E8: Check out our latest carousel on twitter! | F8: 3860 | G8: 201 | H8: 279 | I8: 61760 | J8: =F8+G8+H8+L8 -> 4575 | K8: 61660 | L8: 235 | M8: TeslaCoInnovation | P8: ModelYCampaign | Q8: =IFERROR( INDEX(Campaign!$C$2:$C$100, MATCH(M8, Campaign!$E$2:$E$100, 0)), 0 ) -> 0 | R8: =IFERROR( INDEX(Campaign!$C$2:$C$100, MATCH(N8, Campaign!$E$2:$E$100, 0)), 0 ) -> 0 | S8: =IFERROR( INDEX(Campaign!$C$2:$C$100, MATCH(O8, Campaign!$E$2:$E$100, 0)), 0 ) -> 0 | T8: =IF((Q8+R8+S8)=0, "", J8/(Q8+R8+S8)) | U8: =(F8+H8+G8)/I8 -> 0.070272021 | V8: =IFERROR( INDEX(Campaign!$A$2:$A$100, MATCH(M12, Campaign!$E$2:$E$100, 0)), "" ) | W8: =IF(TRIM(O8)="","Before", "During") -> Before
A9: P008 | B9: YouTube | C9: 45486 | D9: Image | E9: Check out our latest image on youtube! | F9: 3929 | G9: 262 | H9: 278 | I9: 43219 | J9: =F9+G9+H9+L9 -> 4508 | K9: 42841 | L9: 39 | M9: EVRevolution | P9: SustainabilityDrive | Q9: =IFERROR( INDEX(Campaign!$C$2:$C$100, MATCH(M9, Campaign!$E$2:$E$100, 0)), 0 ) -> 150000 | R9: =IFERROR( INDEX(Campaign!$C$2:$C$100, MATCH(N9, Campaign!$E$2:$E$100, 0)), 0 ) -> 0 | S9: =IFERROR( INDEX(Campaign!$C$2:$C$100, MATCH(O9, Campaign!$E$2:$E$100, 0)), 0 ) -> 0 | T9: =IF((Q9+R9+S9)=0, "", J9/(Q9+R9+S9)) -> 0.030053333 | U9: =(F9+H9+G9)/I9 -> 0.1034036 | V9: =IFERROR( INDEX(Campaign!$A$2:$A$100, MATCH(M13, Campaign!$E$2:$E$100, 0)), "" ) | W9: =IF(TRIM(O9)="","Before", "During") -> Before
A10: P009 | B10: Facebook | C10: 45534 | D10: Text | E10: Check out our latest text on facebook! | F10: 3784 | G10: 808 | H10: 404 | I10: 56760 | J10: =F10+G10+H10+L10 -> 5127 | K10: 56343 | L10: 131 | M10: TeslaCoInnovation | P10: ModelYCampaign | Q10: =IFERROR( INDEX(Campaign!$C$2:$C$100, MATCH(M10, Campaign!$E$2:$E$100, 0)), 0 ) -> 0 | R10: =IFERROR( INDEX(Campaign!$C$2:$C$100, MATCH(N10, Campaign!$E$2:$E$100, 0)), 0 ) -> 0 | S10: =IFERROR( INDEX(Campaign!$C$2:$C$100, MATCH(O10, Campaign!$E$2:$E$100, 0)), 0 ) -> 0 | T10: =IF((Q10+R10+S10)=0, "", J10/(Q10+R10+S10)) | U10: =(F10+H10+G10)/I10 -> 0.088019732 | V10: =IFERROR( INDEX(Campaign!$A$2:$A$100, MATCH(M14, Campaign!$E$2:$E$100, 0)), "" ) -> 45488 | W10: =IF(TRIM(O10)="","Before", "During") -> Before
A11: P010 | B11: Facebook | C11: 45727 | D11: Image | E11: Check out our latest image on facebook! | F11: 4241 | G11: 902 | H11: 47 | I11: 72097 | J11: =F11+G11+H11+L11 -> 5357 | K11: 71598 | L11: 167 | M11: TeslaCoInnovation | P11: ModelYCampaign | Q11: =IFERROR( INDEX(Campaign!$C$2:$C$100, MATCH(M11, Campaign!$E$2:$E$100, 0)), 0 ) -> 0 | R11: =IFERROR( INDEX(Campaign!$C$2:$C$100, MATCH(N11, Campaign!$E$2:$E$100, 0)), 0 ) -> 0 | S11: =IFERROR( INDEX(Campaign!$C$2:$C$100, MATCH(O11, Campaign!$E$2:$E$100, 0)), 0 ) -> 0 | T11: =IF((Q11+R11+S11)=0, "", J11/(Q11+R11+S11)) | U11: =(F11+H11+G11)/I11 -> 0.071986352 | V11: =IFERROR( INDEX(Campaign!$A$2:$A$100, MATCH(M15, Campaign!$E$2:$E$100, 0)), "" ) | W11: =IF(TRIM(O11)="","Before", "During") -> Before | Y11: Campaign Name | Z11: Avg Engagement Before | AA11: Avg Engagement During | AB11: Uplift
A12: P011 | B12: Instagram | C12: 45690 | D12: Story | E12: Check out our latest story on instagram! | F12: 1792 | G12: 614 | H12: 497 | I12: 25088 | J12: =F12+G12+H12+L12 -> 2968 | K12: 24675 | L12: 65 | M12: FutureOfDriving | P12: SustainabilityDrive | Q12: =IFERROR( INDEX(Campaign!$C$2:$C$100, MATCH(M12, Campaign!$E$2:$E$100, 0)), 0 ) -> 0 | R12: =IFERROR( INDEX(Campaign!$C$2:$C$100, MATCH(N12, Campaign!$E$2:$E$100, 0)), 0 ) -> 0 | S12: =IFERROR( INDEX(Campaign!$C$2:$C$100, MATCH(O12, Campaign!$E$2:$E$100, 0)), 0 ) -> 0 | T12: =IF((Q12+R12+S12)=0, "", J12/(Q12+R12+S12)) | U12: =(F12+H12+G12)/I12 -> 0.11571269 | V12: =IFERROR( INDEX(Campaign!$A$2:$A$100, MATCH(M16, Campaign!$E$2:$E$100, 0)), "" ) | W12: =IF(TRIM(O12)="","Before", "During") -> Before | Y12: CybertruckLaunch | Z12: =AVERAGEIFS($J:$J,$P:$P,Y12,$W:$W,"Before") -> 3721.0213 | AA12: =AVERAGEIFS($J:$J,$P:$P,Y12,$W:$W,"During") -> 5447 | AB12: =(AA12-Z12)/Z12*100 -> 46.384543
A13: P012 | B13: Facebook | C13: 45494 | D13: Reel | E13: Check out our latest reel on facebook! | F13: 1946 | G13: 686 | H13: 377 | I13: 23352 | J13: =F13+G13+H13+L13 -> 3222 | K13: 22982 | L13: 213 | M13: FutureOfDriving | P13: FSDUpdate | Q13: =IFERROR( INDEX(Campaign!$C$2:$C$100, MATCH(M13, Campaign!$E$2:$E$100, 0)), 0 ) -> 0 | R13: =IFERROR( INDEX(Campaign!$C$2:$C$100, MATCH(N13, Campaign!$E$2:$E$100, 0)), 0 ) -> 0 | S13: =IFERROR( INDEX(Campaign!$C$2:$C$100, MATCH(O13, Campaign!$E$2:$E$100, 0)), 0 ) -> 0 | T13: =IF((Q13+R13+S13)=0, "", J13/(Q13+R13+S13)) | U13: =(F13+H13+G13)/I13 -> 0.12885406 | V13: =IFERROR( INDEX(Campaign!$A$2:$A$100, MATCH(M17, Campaign!$E$2:$E$100, 0)), "" ) | W13: =IF(TRIM(O13)="","Before", "During") -> Before | Y13: ModelYCampaign | Z13: =AVERAGEIFS($J:$J,$P:$P,Y13,$W:$W,"Before") -> 3690.8364 | AA13: =AVERAGEIFS($J:$J,$P:$P,Y13,$W:$W,"During") -> 2871.6667 | AB13: =(AA13-Z13)/Z13*100 -> -22.19469
A14: P013 | B14: YouTube | C14: 45614 | D14: Carousel | E14: Check out our latest carousel on youtube! | F14: 1171 | G14: 286 | H14: 231 | I14: 22249 | J14: =F14+G14+H14+L14 -> 1802 | K14: 21282 | L14: 114 | M14: EVRevolution | P14: CybertruckLaunch | Q14: =IFERROR( INDEX(Campaign!$C$2:$C$100, MATCH(M14, Campaign!$E$2:$E$100, 0)), 0 ) -> 150000 | R14: =IFERROR( INDEX(Campaign!$C$2:$C$100, MATCH(N14, Campaign!$E$2:$E$100, 0)), 0 ) -> 0 | S14: =IFERROR( INDEX(Campaign!$C$2:$C$100, MATCH(O14, Campaign!$E$2:$E$100, 0)), 0 ) -> 0 | T14: =IF((Q14+R14+S14)=0, "", J14/(Q14+R14+S14)) -> 0.012013333 | U14: =(F14+H14+G14)/I14 -> 0.075868578 | V14: =IFERROR( INDEX(Campaign!$A$2:$A$100, MATCH(M18, Campaign!$E$2:$E$100, 0)), "" ) -> 45488 | W14: =IF(TRIM(O14)="","Before", "During") -> Before | Y14: FSDUpdate | Z14: =AVERAGEIFS($J:$J,$P:$P,Y14,$W:$W,"Before") -> 3689.9683 | AA14: =AVERAGEIFS($J:$J,$P:$P,Y14,$W:$W,"During") -> 2596.25 | AB14: =(AA14-Z14)/Z14*100 -> -29.640316
A15: P014 | B15: Facebook | C15: 45704 | D15: Story | E15: Check out our latest story on facebook! | F15: 4242 | G15: 555 | H15: 131 | I15: 33936 | J15: =F15+G15+H15+L15 -> 5193 | K15: 33802 | L15: 265 | M15: FutureOfDriving | Q15: =IFERROR( INDEX(Campaign!$C$2:$C$100, MATCH(M15, Campaign!$E$2:$E$100, 0)), 0 ) -> 0 | R15: =IFERROR( INDEX(Campaign!$C$2:$C$100, MATCH(N15, Campaign!$E$2:$E$100, 0)), 0 ) -> 0 | S15: =IFERROR( INDEX(Campaign!$C$2:$C$100, MATCH(O15, Campaign!$E$2:$E$100, 0)), 0 ) -> 0 | T15: =IF((Q15+R15+S15)=0, "", J15/(Q15+R15+S15)) | U15: =(F15+H15+G15)/I15 -> 0.14521452 | V15: =IFERROR( INDEX(Campaign!$A$2:$A$100, MATCH(M19, Campaign!$E$2:$E$100, 0)), "" ) | W15: =IF(TRIM(O15)="","Before", "During") -> Before | Y15: SustainabilityDrive | Z15: =AVERAGEIFS($J:$J,$P:$P,Y15,$W:$W,"Before") -> 3533.6522 | AA15: =AVERAGEIFS($J:$J,$P:$P,Y15,$W:$W,"During") -> 3675 | AB15: =(AA15-Z15)/Z15*100 -> 4.0000492
A16: P015 | B16: Facebook | C16: 45589 | D16: Video | E16: Check out our latest video on facebook! | F16: 3888 | G16: 604 | H16: 128 | I16: 77760 | J16: =F16+G16+H16+L16 -> 4640 | K16: 77167 | L16: 20 | M16: FutureOfDriving | P16: CybertruckLaunch | Q16: =IFERROR( INDEX(Campaign!$C$2:$C$100, MATCH(M16, Campaign!$E$2:$E$100, 0)), 0 ) -> 0 | R16: =IFERROR( INDEX(Campaign!$C$2:$C$100, MATCH(N16, Campaign!$E$2:$E$100, 0)), 0 ) -> 0 | S16: =IFERROR( INDEX(Campaign!$C$2:$C$100, MATCH(O16, Campaign!$E$2:$E$100, 0)), 0 ) -> 0 | T16: =IF((Q16+R16+S16)=0, "", J16/(Q16+R16+S16)) | U16: =(F16+H16+G16)/I16 -> 0.05941358 | V16: =IFERROR( INDEX(Campaign!$A$2:$A$100, MATCH(M20, Campaign!$E$2:$E$100, 0)), "" ) | W16: =IF(TRIM(O16)="","Before", "During") -> Before
A17: P016 | B17: Facebook | C17: 45530 | D17: Text | E17: Check out our latest text on facebook! | F17: 3452 | G17: 377 | H17: 360 | I17: 55232 | J17: =F17+G17+H17+L17 -> 4276 | K17: 55075 | L17: 87 | M17: FutureOfDriving | P17: FSDUpdate | Q17: =IFERROR( INDEX(Campaign!$C$2:$C$100, MATCH(M17, Campaign!$E$2:$E$100, 0)), 0 ) -> 0 | R17: =IFERROR( INDEX(Campaign!$C$2:$C$100, MATCH(N17, Campaign!$E$2:$E$100, 0)), 0 ) -> 0 | S17: =IFERROR( INDEX(Campaign!$C$2:$C$100, MATCH(O17, Campaign!$E$2:$E$100, 0)), 0 ) -> 0 | T17: =IF((Q17+R17+S17)=0, "", J17/(Q17+R17+S17)) | U17: =(F17+H17+G17)/I17 -> 0.075843714 | V17: =IFERROR( INDEX(Campaign!$A$2:$A$100, MATCH(M21, Campaign!$E$2:$E$100, 0)), "" ) | W17: =IF(TRIM(O17)="","Before", "During") -> Before
A18: P017 | B18: Facebook | C18: 45782 | D18: Text | E18: Check out our latest text on facebook! | F18: 4441 | G18: 511 | H18: 70 | I18: 53292 | J18: =F18+G18+H18+L18 -> 5181 | K18: 53082 | L18: 159 | M18: EVRevolution | P18: SustainabilityDrive | Q18: =IFERROR( INDEX(Campaign!$C$2:$C$100, MATCH(M18, Campaign!$E$2:$E$100, 0)), 0 ) -> 150000 | R18: =IFERROR( INDEX(Campaign!$C$2:$C$100, MATCH(N18, Campaign!$E$2:$E$100, 0)), 0 ) -> 0 | S18: =IFERROR( INDEX(Campaign!$C$2:$C$100, MATCH(O18, Campaign!$E$2:$E$100, 0)), 0 ) -> 0 | T18: =IF((Q18+R18+S18)=0, "", J18/(Q18+R18+S18)) -> 0.03454 | U18: =(F18+H18+G18)/I18 -> 0.094235533 | V18: =IFERROR( INDEX(Campaign!$A$2:$A$100, MATCH(M22, Campaign!$E$2:$E$100, 0)), "" ) | W18: =IF(TRIM(O18)="","Before", "During") -> Before
A19: P018 | B19: Instagram | C19: 45523 | D19: Reel | E19: Check out our latest reel on instagram! | F19: 3000 | G19: 382 | H19: 325 | I19: 36000 | J19: =F19+G19+H19+L19 -> 3726 | K19: 35819 | L19: 19 | M19: FutureOfDriving | P19: CybertruckLaunch | Q19: =IFERROR( INDEX(Campaign!$C$2:$C$100, MATCH(M19, Campaign!$E$2:$E$100, 0)), 0 ) -> 0 | R19: =IFERROR( INDEX(Campaign!$C$2:$C$100, MATCH(N19, Campaign!$E$2:$E$100, 0)), 0 ) -> 0 | S19: =IFERROR( INDEX(Campaign!$C$2:$C$100, MATCH(O19, Campaign!$E$2:$E$100, 0)), 0 ) -> 0 | T19: =IF((Q19+R19+S19)=0, "", J19/(Q19+R19+S19)) | U19: =(F19+H19+G19)/I19 -> 0.10297222 | V19: =IFERROR( INDEX(Campaign!$A$2:$A$100, MATCH(M23, Campaign!$E$2:$E$100, 0)), "" ) | W19: =IF(TRIM(O19)="","Before", "During") -> Before
A20: P019 | B20: Instagram | C20: 45466 | D20: Video | E20: Check out our latest video on instagram! | F20: 1071 | G20: 519 | H20: 22 | I20: 16065 | J20: =F20+G20+H20+L20 -> 1715 | K20: 15865 | L20: 103 | M20: TeslaCoInnovation | P20: SustainabilityDrive | Q20: =IFERROR( INDEX(Campaign!$C$2:$C$100, MATCH(M20, Campaign!$E$2:$E$100, 0)), 0 ) -> 0 | R20: =IFERROR( INDEX(Campaign!$C$2:$C$100, MATCH(N20, Campaign!$E$2:$E$100, 0)), 0 ) -> 0 | S20: =IFERROR( INDEX(Campaign!$C$2:$C$100, MATCH(O20, Campaign!$E$2:$E$100, 0)), 0 ) -> 0 | T20: =IF((Q20+R20+S20)=0, "", J20/(Q20+R20+S20)) | U20: =(F20+H20+G20)/I20 -> 0.10034236 | V20: =IFERROR( INDEX(Campaign!$A$2:$A$100, MATCH(M24, Campaign!$E$2:$E$100, 0)), "" ) | W20: =IF(TRIM(O20)="","Before", "During") -> Before
A21: P020 | B21: Instagram | C21: 45544 | D21: Carousel | E21: Check out our latest carousel on instagram! | F21: 4054 | G21: 488 | H21: 373 | I21: 77026 | J21: =F21+G21+H21+L21 -> 4940 | K21: 76881 | L21: 25 | M21: TeslaCoInnovation | P21: CybertruckLaunch | Q21: =IFERROR( INDEX(Campaign!$C$2:$C$100, MATCH(M21, Campaign!$E$2:$E$100, 0)), 0 ) -> 0 | R21: =IFERROR( INDEX(Campaign!$C$2:$C$100, MATCH(N21, Campaign!$E$2:$E$100, 0)), 0 ) -> 0 | S21: =IFERROR( INDEX(Campaign!$C$2:$C$100, MATCH(O21, Campaign!$E$2:$E$100, 0)), 0 ) -> 0 | T21: =IF((Q21+R21+S21)=0, "", J21/(Q21+R21+S21)) | U21: =(F21+H21+G21)/I21 -> 0.063809623 | V21: =IFERROR( INDEX(Campaign!$A$2:$A$100, MATCH(M25, Campaign!$E$2:$E$100, 0)), "" ) | W21: =IF(TRIM(O21)="","Before", "During") -> Before
A22: P021 | B22: Instagram | C22: 45661 | D22: Reel | E22: Check out our latest reel on instagram! | F22: 4838 | G22: 640 | H22: 128 | I22: 72570 | J22: =F22+G22+H22+L22 -> 5689 | K22: 72396 | L22: 83 | M22: FutureOfDriving | P22: SustainabilityDrive | Q22: =IFERROR( INDEX(Campaign!$C$2:$C$100, MATCH(M22, Campaign!$E$2:$E$100, 0)), 0 ) -> 0 | R22: =IFERROR( INDEX(Campaign!$C$2:$C$100, MATCH(N22, Campaign!$E$2:$E$100, 0)), 0 ) -> 0 | S22: =IFERROR( INDEX(Campaign!$C$2:$C$100, MATCH(O22, Campaign!$E$2:$E$100, 0)), 0 ) -> 0 | T22: =IF((Q22+R22+S22)=0, "", J22/(Q22+R22+S22)) | U22: =(F22+H22+G22)/I22 -> 0.077249552 | V22: =IFERROR( INDEX(Campaign!$A$2:$A$100, MATCH(M26, Campaign!$E$2:$E$100, 0)), "" ) -> 45488 | W22: =IF(TRIM(O22)="","Before", "During") -> Before
A23: P022 | B23: Facebook | C23: 45715 | D23: Text | E23: Check out our latest text on facebook! | F23: 1570 | G23: 187 | H23: 260 | I23: 25120 | J23: =F23+G23+H23+L23 -> 2150 | K23: 24613 | L23: 133 | M23: TeslaCoInnovation | P23: SustainabilityDrive | Q23: =IFERROR( INDEX(Campaign!$C$2:$C$100, MATCH(M23, Campaign!$E$2:$E$100, 0)), 0 ) -> 0 | R23: =IFERROR( INDEX(Campaign!$C$2:$C$100, MATCH(N23, Campaign!$E$2:$E$100, 0)), 0 ) -> 0 | S23: =IFERROR( INDEX(Campaign!$C$2:$C$100, MATCH(O23, Campaign!$E$2:$E$100, 0)), 0 ) -> 0 | T23: =IF((Q23+R23+S23)=0, "", J23/(Q23+R23+S23)) | U23: =(F23+H23+G23)/I23 -> 0.080294586 | V23: =IFERROR( INDEX(Campaign!$A$2:$A$100, MATCH(M27, Campaign!$E$2:$E$100, 0)), "" ) | W23: =IF(TRIM(O23)="","Before", "During") -> Before
A24: P023 | B24: Facebook | C24: 45602 | D24: Video | E24: Check out our latest video on facebook! | F24: 1606 | G24: 547 | H24: 316 | I24: 32120 | J24: =F24+G24+H24+L24 -> 2694 | K24: 31736 | L24: 225 | M24: TeslaCoInnovation | N24: AnytimeIsTeslaTime | P24: ModelYCampaign | Q24: =IFERROR( INDEX(Campaign!$C$2:$C$100, MATCH(M24, Campaign!$E$2:$E$100, 0)), 0 ) -> 0 | R24: =IFERROR( INDEX(Campaign!$C$2:$C$100, MATCH(N24, Campaign!$E$2:$E$100, 0)), 0 ) -> 200000 | S24: =IFERROR( INDEX(Campaign!$C$2:$C$100, MATCH(O24, Campaign!$E$2:$E$100, 0)), 0 ) -> 0 | T24: =IF((Q24+R24+S24)=0, "", J24/(Q24+R24+S24)) -> 0.01347 | U24: =(F24+H24+G24)/I24 -> 0.076867995 | V24: =IFERROR( INDEX(Campaign!$A$2:$A$100, MATCH(M28, Campaign!$E$2:$E$100, 0)), "" ) | W24: =IF(TRIM(O24)="","Before", "During") -> Before
A25: P024 | B25: Facebook | C25: 45680 | D25: Video | E25: Check out our latest video on facebook! | F25: 3961 | G25: 761 | H25: 131 | I25: 67337 | J25: =F25+G25+H25+L25 -> 5014 | K25: 66615 | L25: 161 | M25: FutureOfDriving | P25: FSDUpdate | Q25: =IFERROR( INDEX(Campaign!$C$2:$C$100, MATCH(M25, Campaign!$E$2:$E$100, 0)), 0 ) -> 0 | R25: =IFERROR( INDEX(Campaign!$C$2:$C$100, MATCH(N25, Campaign!$E$2:$E$100, 0)), 0 ) -> 0 | S25: =IFERROR( INDEX(Campaign!$C$2:$C$100, MATCH(O25, Campaign!$E$2:$E$100, 0)), 0 ) -> 0 | T25: =IF((Q25+R25+S25)=0, "", J25/(Q25+R25+S25)) | U25: =(F25+H25+G25)/I25 -> 0.072070333 | V25: =IFERROR( INDEX(Campaign!$A$2:$A$100, MATCH(M29, Campaign!$E$2:$E$100, 0)), "" ) | W25: =IF(TRIM(O25)="","Before", "During") -> Before
A26: P025 | B26: Twitter | C26: 45757 | D26: Carousel | E26: Check out our latest carousel on twitter! | F26: 3128 | G26: 211 | H26: 197 | I26: 59432 | J26: =F26+G26+H26+L26 -> 3774 | K26: 59182 | L26: 238 | M26: EVRevolution | Q26: =IFERROR( INDEX(Campaign!$C$2:$C$100, MATCH(M26, Campaign!$E$2:$E$100, 0)), 0 ) -> 150000 | R26: =IFERROR( INDEX(Campaign!$C$2:$C$100, MATCH(N26, Campaign!$E$2:$E$100, 0)), 0 ) -> 0 | S26: =IFERROR( INDEX(Campaign!$C$2:$C$100, MATCH(O26, Campaign!$E$2:$E$100, 0)), 0 ) -> 0 | T26: =IF((Q26+R26+S26)=0, "", J26/(Q26+R26+S26)) -> 0.02516 | U26: =(F26+H26+G26)/I26 -> 0.059496568 | V26: =IFERROR( INDEX(Campaign!$A$2:$A$100, MATCH(M30, Campaign!$E$2:$E$100, 0)), "" ) | W26: =IF(TRIM(O26)="","Before", "During") -> Before
A27: P026 | B27: YouTube | C27: 45752 | D27: Reel | E27: Check out our latest reel on youtube! | F27: 3009 | G27: 413 | H27: 358 | I27: 42126 | J27: =F27+G27+H27+L27 -> 3991 | K27: 41309 | L27: 211 | M27: FutureOfDriving | P27: ModelYCampaign | Q27: =IFERROR( INDEX(Campaign!$C$2:$C$100, MATCH(M27, Campaign!$E$2:$E$100, 0)), 0 ) -> 0 | R27: =IFERROR( INDEX(Campaign!$C$2:$C$100, MATCH(N27, Campaign!$E$2:$E$100, 0)), 0 ) -> 0 | S27: =IFERROR( INDEX(Campaign!$C$2:$C$100, MATCH(O27, Campaign!$E$2:$E$100, 0)), 0 ) -> 0 | T27: =IF((Q27+R27+S27)=0, "", J27/(Q27+R27+S27)) | U27: =(F27+H27+G27)/I27 -> 0.089730808 | V27: =IFERROR( INDEX(Campaign!$A$2:$A$100, MATCH(M31, Campaign!$E$2:$E$100, 0)), "" ) -> 45488 | W27: =IF(TRIM(O27)="","Before", "During") -> Before
A28: P027 | B28: YouTube | C28: 45552 | D28: Text | E28: Check out our latest text on youtube! | F28: 2076 | G28: 195 | H28: 104 | I28: 33216 | J28: =F28+G28+H28+L28 -> 2426 | K28: 32244 | L28: 51 | M28: FutureOfDriving | P28: SustainabilityDrive | Q28: =IFERROR( INDEX(Campaign!$C$2:$C$100, MATCH(M28, Campaign!$E$2:$E$100, 0)), 0 ) -> 0 | R28: =IFERROR( INDEX(Campaign!$C$2:$C$100, MATCH(N28, Campaign!$E$2:$E$100, 0)), 0 ) -> 0 | S28: =IFERROR( INDEX(Campaign!$C$2:$C$100, MATCH(O28, Campaign!$E$2:$E$100, 0)), 0 ) -> 0 | T28: =IF((Q28+R28+S28)=0, "", J28/(Q28+R28+S28)) | U28: =(F28+H28+G28)/I28 -> 0.071501686 | V28: =IFERROR( INDEX(Campaign!$A$2:$A$100, MATCH(M32, Campaign!$E$2:$E$100, 0)), "" ) | W28: =IF(TRIM(O28)="","Before", "During") -> Before
A29: P028 | B29: Instagram | C29: 45720 | D29: Video | E29: Check out our latest video on instagram! | F29: 432 | G29: 624 | H29: 123 | I29: 6912 | J29: =F29+G29+H29+L29 -> 1258 | K29: 6259 | L29: 79 | M29: FutureOfDriving | P29: SustainabilityDrive | Q29: =IFERROR( INDEX(Campaign!$C$2:$C$100, MATCH(M29, Campaign!$E$2:$E$100, 0)), 0 ) -> 0 | R29: =IFERROR( INDEX(Campaign!$C$2:$C$100, MATCH(N29, Campaign!$E$2:$E$100, 0)), 0 ) -> 0 | S29: =IFERROR( INDEX(Campaign!$C$2:$C$100, MATCH(O29, Campaign!$E$2:$E$100, 0)), 0 ) -> 0 | T29: =IF((Q29+R29+S29)=0, "", J29/(Q29+R29+S29)) | U29: =(F29+H29+G29)/I29 -> 0.17057292 | V29: =IFERROR( INDEX(Campaign!$A$2:$A$100, MATCH(M33, Campaign!$E$2:$E$100, 0)), "" ) -> 45488 | W29: =IF(TRIM(O29)="","Before", "During") -> Before
A30: P029 | B30: Instagram | C30: 45688 | D30: Carousel | E30: Check out our latest carousel on instagram! | F30: 2566 | G30: 118 | H30: 37 | I30: 12830 | J30: =F30+G30+H30+L30 -> 2942 | K30: 12264 | L30: 221 | M30: FutureOfDriving | P30: FSDUpdate | Q30: =IFERROR( INDEX(Campaign!$C$2:$C$100, MATCH(M30, Campaign!$E$2:$E$100, 0)), 0 ) -> 0 | R30: =IFERROR( INDEX(Campaign!$C$2:$C$100, MATCH(N30, Campaign!$E$2:$E$100, 0)), 0 ) -> 0 | S30: =IFERROR( INDEX(Campaign!$C$2:$C$100, MATCH(O30, Campaign!$E$2:$E$100, 0)), 0 ) -> 0 | T30: =IF((Q30+R30+S30)=0, "", J30/(Q30+R30+S30)) | U30: =(F30+H30+G30)/I30 -> 0.21208106 | V30: =IFERROR( INDEX(Campaign!$A$2:$A$100, MATCH(M34, Campaign!$E$2:$E$100, 0)), "" ) | W30: =IF(TRIM(O30)="","Before", "During") -> Before
A31: P030 | B31: Instagram | C31: 45713 | D31: Video | E31: Check out our latest video on instagram! | F31: 3095 | G31: 39 | H31: 78 | I31: 55710 | J31: =F31+G31+H31+L31 -> 3305 | K31: 54808 | L31: 93 | M31: EVRevolution | Q31: =IFERROR( INDEX(Campaign!$C$2:$C$100, MATCH(M31, Campaign!$E$2:$E$100, 0)), 0 ) -> 150000 | R31: =IFERROR( INDEX(Campaign!$C$2:$C$100, MATCH(N31, Campaign!$E$2:$E$100, 0)), 0 ) -> 0 | S31: =IFERROR( INDEX(Campaign!$C$2:$C$100, MATCH(O31, Campaign!$E$2:$E$100, 0)), 0 ) -> 0 | T31: =IF((Q31+R31+S31)=0, "", J31/(Q31+R31+S31)) -> 0.022033333 | U31: =(F31+H31+G31)/I31 -> 0.057655717 | V31: =IFERROR( INDEX(Campaign!$A$2:$A$100, MATCH(M35, Campaign!$E$2:$E$100, 0)), "" ) | W31: =IF(TRIM(O31)="","Before", "During") -> Before
A32: P031 | B32: Instagram | C32: 45642 | D32: Text | E32: Check out our latest text on instagram! | F32: 438 | G32: 153 | H32: 275 | I32: 3066 | J32: =F32+G32+H32+L32 -> 1148 | K32: 2701 | L32: 282 | M32: TeslaCoInnovation | P32: ModelYCampaign | Q32: =IFERROR( INDEX(Campaign!$C$2:$C$100, MATCH(M32, Campaign!$E$2:$E$100, 0)), 0 ) -> 0 | R32: =IFERROR( INDEX(Campaign!$C$2:$C$100, MATCH(N32, Campaign!$E$2:$E$100, 0)), 0 ) -> 0 | S32: =IFERROR( INDEX(Campaign!$C$2:$C$100, MATCH(O32, Campaign!$E$2:$E$100, 0)), 0 ) -> 0 | T32: =IF((Q32+R32+S32)=0, "", J32/(Q32+R32+S32)) | U32: =(F32+H32+G32)/I32 -> 0.28245271 | V32: =IFERROR( INDEX(Campaign!$A$2:$A$100, MATCH(M36, Campaign!$E$2:$E$100, 0)), "" ) | W32: =IF(TRIM(O32)="","Before", "During") -> Before
A33: P032 | B33: Twitter | C33: 45504 | D33: Carousel | E33: Check out our latest carousel on twitter! | F33: 2278 | G33: 10 | H33: 321 | I33: 13668 | J33: =F33+G33+H33+L33 -> 2884 | K33: 12676 | L33: 275 | M33: EVRevolution | P33: CybertruckLaunch | Q33: =IFERROR( INDEX(Campaign!$C$2:$C$100, MATCH(M33, Campaign!$E$2:$E$100, 0)), 0 ) -> 150000 | R33: =IFERROR( INDEX(Campaign!$C$2:$C$100, MATCH(N33, Campaign!$E$2:$E$100, 0)), 0 ) -> 0 | S33: =IFERROR( INDEX(Campaign!$C$2:$C$100, MATCH(O33, Campaign!$E$2:$E$100, 0)), 0 ) -> 0 | T33: =IF((Q33+R33+S33)=0, "", J33/(Q33+R33+S33)) -> 0.019226667 | U33: =(F33+H33+G33)/I33 -> 0.19088382 | V33: =IFERROR( INDEX(Campaign!$A$2:$A$100, MATCH(M37, Campaign!$E$2:$E$100, 0)), "" ) -> 45488 | W33: =IF(TRIM(O33)="","Before", "During") -> Before
A34: P033 | B34: Facebook | C34: 45525 | D34: Image | E34: Check out our latest image on facebook! | F34: 1407 | G34: 400 | H34: 351 | I34: 16884 | J34: =F34+G34+H34+L34 -> 2271 | K34: 15954 | L34: 113 | M34: TeslaCoInnovation | P34: CybertruckLaunch | Q34: =IFERROR( INDEX(Campaign!$C$2:$C$100, MATCH(M34, Campaign!$E$2:$E$100, 0)), 0 ) -> 0 | R34: =IFERROR( INDEX(Campaign!$C$2:$C$100, MATCH(N34, Campaign!$E$2:$E$100, 0)), 0 ) -> 0 | S34: =IFERROR( INDEX(Campaign!$C$2:$C$100, MATCH(O34, Campaign!$E$2:$E$100, 0)), 0 ) -> 0 | T34: =IF((Q34+R34+S34)=0, "", J34/(Q34+R34+S34)) | U34: =(F34+H34+G34)/I34 -> 0.12781331 | V34: =IFERROR( INDEX(Campaign!$A$2:$A$100, MATCH(M38, Campaign!$E$2:$E$100, 0)), "" ) -> 45488 | W34: =IF(TRIM(O34)="","Before", "During") -> Before
A35: P034 | B35: Facebook | C35: 45742 | D35: Text | E35: Check out our latest text on facebook! | F35: 1652 | G35: 89 | H35: 357 | I35: 29736 | J35: =F35+G35+H35+L35 -> 2313 | K35: 28771 | L35: 215 | M35: TeslaCoInnovation | P35: FSDUpdate | Q35: =IFERROR( INDEX(Campaign!$C$2:$C$100, MATCH(M35, Campaign!$E$2:$E$100, 0)), 0 ) -> 0 | R35: =IFERROR( INDEX(Campaign!$C$2:$C$100, MATCH(N35, Campaign!$E$2:$E$100, 0)), 0 ) -> 0 | S35: =IFERROR( INDEX(Campaign!$C$2:$C$100, MATCH(O35, Campaign!$E$2:$E$100, 0)), 0 ) -> 0 | T35: =IF((Q35+R35+S35)=0, "", J35/(Q35+R35+S35)) | U35: =(F35+H35+G35)/I35 -> 0.07055421 | V35: =IFERROR( INDEX(Campaign!$A$2:$A$100, MATCH(M39, Campaign!$E$2:$E$100, 0)), "" ) | W35: =IF(TRIM(O35)="","Before", "During") -> Before
A36: P035 | B36: Instagram | C36: 45626 | D36: Video | E36: Check out our latest video on instagram! | F36: 3775 | G36: 16 | H36: 239 | I36: 33975 | J36: =F36+G36+H36+L36 -> 4301 | K36: 33310 | L36: 271 | M36: FutureOfDriving | P36: ModelYCampaign | Q36: =IFERROR( INDEX(Campaign!$C$2:$C$100, MATCH(M36, Campaign!$E$2:$E$100, 0)), 0 ) -> 0 | R36: =IFERROR( INDEX(Campaign!$C$2:$C$100, MATCH(N36, Campaign!$E$2:$E$100, 0)), 0 ) -> 0 | S36: =IFERROR( INDEX(Campaign!$C$2:$C$100, MATCH(O36, Campaign!$E$2:$E$100, 0)), 0 ) -> 0 | T36: =IF((Q36+R36+S36)=0, "", J36/(Q36+R36+S36)) | U36: =(F36+H36+G36)/I36 -> 0.11861663 | V36: =IFERROR( INDEX(Campaign!$A$2:$A$100, MATCH(M40, Campaign!$E$2:$E$100, 0)), "" ) | W36: =IF(TRIM(O36)="","Before", "During") -> Before
A37: P036 | B37: Instagram | C37: 45766 | D37: Story | E37: Check out our latest story on instagram! | F37: 4518 | G37: 285 | H37: 383 | I37: 67770 | J37: =F37+G37+H37+L37 -> 5217 | K37: 67621 | L37: 31 | M37: EVRevolution | P37: ModelYCampaign | Q37: =IFERROR( INDEX(Campaign!$C$2:$C$100, MATCH(M37, Campaign!$E$2:$E$100, 0)), 0 ) -> 150000 | R37: =IFERROR( INDEX(Campaign!$C$2:$C$100, MATCH(N37, Campaign!$E$2:$E$100, 0)), 0 ) -> 0 | S37: =IFERROR( INDEX(Campaign!$C$2:$C$100, MATCH(O37, Campaign!$E$2:$E$100, 0)), 0 ) -> 0 | T37: =IF((Q37+R37+S37)=0, "", J37/(Q37+R37+S37)) -> 0.03478 | U37: =(F37+H37+G37)/I37 -> 0.076523535 | V37: =IFERROR( INDEX(Campaign!$A$2:$A$100, MATCH(M41, Campaign!$E$2:$E$100, 0)), "" ) -> 45488 | W37: =IF(TRIM(O37)="","Before", "During") -> Before
A38: P037 | B38: Facebook | C38: 45663 | D38: Carousel | E38: Check out our latest carousel on facebook! | F38: 3024 | G38: 925 | H38: 350 | I38: 24192 | J38: =F38+G38+H38+L38 -> 4335 | K38: 23518 | L38: 36 | M38: EVRevolution | P38: ModelYCampaign | Q38: =IFERROR( INDEX(Campaign!$C$2:$C$100, MATCH(M38, Campaign!$E$2:$E$100, 0)), 0 ) -> 150000 | R38: =IFERROR( INDEX(Campaign!$C$2:$C$100, MATCH(N38, Campaign!$E$2:$E$100, 0)), 0 ) -> 0 | S38: =IFERROR( INDEX(Campaign!$C$2:$C$100, MATCH(O38, Campaign!$E$2:$E$100, 0)), 0 ) -> 0 | T38: =IF((Q38+R38+S38)=0, "", J38/(Q38+R38+S38)) -> 0.0289 | U38: =(F38+H38+G38)/I38 -> 0.17770337 | V38: =IFERROR( INDEX(Campaign!$A$2:$A$100, MATCH(M42, Campaign!$E$2:$E$100, 0)), "" ) | W38: =IF(TRIM(O38)="","Before", "During") -> Before
A39: P038 | B39: YouTube | C39: 45705 | D39: Reel | E39: Check out our latest reel on youtube! | F39: 3138 | G39: 123 | H39: 291 | I39: 28242 | J39: =F39+G39+H39+L39 -> 3639 | K39: 27550 | L39: 87 | M39: TeslaCoInnovation | P39: SustainabilityDrive | Q39: =IFERROR( INDEX(Campaign!$C$2:$C$100, MATCH(M39, Campaign!$E$2:$E$100, 0)), 0 ) -> 0 | R39: =IFERROR( INDEX(Campaign!$C$2:$C$100, MATCH(N39, Campaign!$E$2:$E$100, 0)), 0 ) -> 0 | S39: =IFERROR( INDEX(Campaign!$C$2:$C$100, MATCH(O39, Campaign!$E$2:$E$100, 0)), 0 ) -> 0 | T39: =IF((Q39+R39+S39)=0, "", J39/(Q39+R39+S39)) | U39: =(F39+H39+G39)/I39 -> 0.12577013 | V39: =IFERROR( INDEX(Campaign!$A$2:$A$100, MATCH(M43, Campaign!$E$2:$E$100, 0)), "" ) -> 45488 | W39: =IF(TRIM(O39)="","Before", "During") -> Before
A40: P039 | B40: Facebook | C40: 45621 | D40: Image | E40: Check out our latest image on facebook! | F40: 3564 | G40: 629 | H40: 177 | I40: 60588 | J40: =F40+G40+H40+L40 -> 4462 | K40: 59627 | L40: 92 | M40: TeslaCoInnovation | Q40: =IFERROR( INDEX(Campaign!$C$2:$C$100, MATCH(M40, Campaign!$E$2:$E$100, 0)), 0 ) -> 0 | R40: =IFERROR( INDEX(Campaign!$C$2:$C$100, MATCH(N40, Campaign!$E$2:$E$100, 0)), 0 ) -> 0 | S40: =IFERROR( INDEX(Campaign!$C$2:$C$100, MATCH(O40, Campaign!$E$2:$E$100, 0)), 0 ) -> 0 | T40: =IF((Q40+R40+S40)=0, "", J40/(Q40+R40+S40)) | U40: =(F40+H40+G40)/I40 -> 0.072126494 | V40: =IFERROR( INDEX(Campaign!$A$2:$A$100, MATCH(M44, Campaign!$E$2:$E$100, 0)), "" ) | W40: =IF(TRIM(O40)="","Before", "During") -> Before
A41: P040 | B41: Twitter | C41: 45723 | D41: Image | E41: Check out our latest image on twitter! | F41: 4750 | G41: 151 | H41: 415 | I41: 38000 | J41: =F41+G41+H41+L41 -> 5615 | K41: 37792 | L41: 299 | M41: EVRevolution | P41: SustainabilityDrive | Q41: =IFERROR( INDEX(Campaign!$C$2:$C$100, MATCH(M41, Campaign!$E$2:$E$100, 0)), 0 ) -> 150000 | R41: =IFERROR( INDEX(Campaign!$C$2:$C$100, MATCH(N41, Campaign!$E$2:$E$100, 0)), 0 ) -> 0 | S41: =IFERROR( INDEX(Campaign!$C$2:$C$100, MATCH(O41, Campaign!$E$2:$E$100, 0)), 0 ) -> 0 | T41: =IF((Q41+R41+S41)=0, "", J41/(Q41+R41+S41)) -> 0.037433333 | U41: =(F41+H41+G41)/I41 -> 0.13989474 | V41: =IFERROR( INDEX(Campaign!$A$2:$A$100, MATCH(M45, Campaign!$E$2:$E$100, 0)), "" ) | W41: =IF(TRIM(O41)="","Before", "During") -> Before
A42: P041 | B42: Instagram | C42: 45724 | D42: Reel | E42: Check out our latest reel on instagram! | F42: 456 | G42: 629 | H42: 428 | I42: 8208 | J42: =F42+G42+H42+L42 -> 1718 | K42: 7377 | L42: 205 | M42: FutureOfDriving | P42: SustainabilityDrive | Q42: =IFERROR( INDEX(Campaign!$C$2:$C$100, MATCH(M42, Campaign!$E$2:$E$100, 0)), 0 ) -> 0 | R42: =IFERROR( INDEX(Campaign!$C$2:$C$100, MATCH(N42, Campaign!$E$2:$E$100, 0)), 0 ) -> 0 | S42: =IFERROR( INDEX(Campaign!$C$2:$C$100, MATCH(O42, Campaign!$E$2:$E$100, 0)), 0 ) -> 0 | T42: =IF((Q42+R42+S42)=0, "", J42/(Q42+R42+S42)) | U42: =(F42+H42+G42)/I42 -> 0.18433236 | V42: =IFERROR( INDEX(Campaign!$A$2:$A$100, MATCH(M46, Campaign!$E$2:$E$100, 0)), "" ) | W42: =IF(TRIM(O42)="","Before", "During") -> Before
A43: P042 | B43: YouTube | C43: 45721 | D43: Reel | E43: Check out our latest reel on youtube! | F43: 1543 | G43: 820 | H43: 333 | I43: 12344 | J43: =F43+G43+H43+L43 -> 2937 | K43: 11496 | L43: 241 | M43: EVRevolution | Q43: =IFERROR( INDEX(Campaign!$C$2:$C$100, MATCH(M43, Campaign!$E$2:$E$100, 0)), 0 ) -> 150000 | R43: =IFERROR( INDEX(Campaign!$C$2:$C$100, MATCH(N43, Campaign!$E$2:$E$100, 0)), 0 ) -> 0 | S43: =IFERROR( INDEX(Campaign!$C$2:$C$100, MATCH(O43, Campaign!$E$2:$E$100, 0)), 0 ) -> 0 | T43: =IF((Q43+R43+S43)=0, "", J43/(Q43+R43+S43)) -> 0.01958 | U43: =(F43+H43+G43)/I43 -> 0.2184057 | V43: =IFERROR( INDEX(Campaign!$A$2:$A$100, MATCH(M47, Campaign!$E$2:$E$100, 0)), "" ) | W43: =IF(TRIM(O43)="","Before", "During") -> Before
A44: P043 | B44: Instagram | C44: 45640 | D44: Carousel | E44: Check out our latest carousel on instagram! | F44: 2174 | G44: 658 | H44: 15 | I44: 13044 | J44: =F44+G44+H44+L44 -> 2984 | K44: 12206 | L44: 137 | M44: TeslaCoInnovation | P44: FSDUpdate | Q44: =IFERROR( INDEX(Campaign!$C$2:$C$100, MATCH(M44, Campaign!$E$2:$E$100, 0)), 0 ) -> 0 | R44: =IFERROR( INDEX(Campaign!$C$2:$C$100, MATCH(N44, Campaign!$E$2:$E$100, 0)), 0 ) -> 0 | S44: =IFERROR( INDEX(Campaign!$C$2:$C$100, MATCH(O44, Campaign!$E$2:$E$100, 0)), 0 ) -> 0 | T44: =IF((Q44+R44+S44)=0, "", J44/(Q44+R44+S44)) | U44: =(F44+H44+G44)/I44 -> 0.21826127 | V44: =IFERROR( INDEX(Campaign!$A$2:$A$100, MATCH(M48, Campaign!$E$2:$E$100, 0)), "" ) | W44: =IF(TRIM(O44)="","Before", "During") -> Before
A45: P044 | B45: Twitter | C45: 45718 | D45: Image | E45: Check out our latest image on twitter! | F45: 2358 | G45: 784 | H45: 344 | I45: 35370 | J45: =F45+G45+H45+L45 -> 3702 | K45: 34475 | L45: 216 | M45: TeslaCoInnovation | Q45: =IFERROR( INDEX(Campaign!$C$2:$C$100, MATCH(M45, Campaign!$E$2:$E$100, 0)), 0 ) -> 0 | R45: =IFERROR( INDEX(Campaign!$C$2:$C$100, MATCH(N45, Campaign!$E$2:$E$100, 0)), 0 ) -> 0 | S45: =IFERROR( INDEX(Campaign!$C$2:$C$100, MATCH(O45, Campaign!$E$2:$E$100, 0)), 0 ) -> 0 | T45: =IF((Q45+R45+S45)=0, "", J45/(Q45+R45+S45)) | U45: =(F45+H45+G45)/I45 -> 0.0985581 | V45: =IFERROR( INDEX(Campaign!$A$2:$A$100, MATCH(M49, Campaign!$E$2:$E$100, 0)), "" ) | W45: =IF(TRIM(O45)="","Before", "During") -> Before
A46: P045 | B46: Facebook | C46: 45597 | D46: Video | E46: Check out our latest video on facebook! | F46: 3371 | G46: 106 | H46: 327 | I46: 50565 | J46: =F46+G46+H46+L46 -> 3980 | K46: 49816 | L46: 176 | M46: FutureOfDriving | P46: CybertruckLaunch | Q46: =IFERROR( INDEX(Campaign!$C$2:$C$100, MATCH(M46, Campaign!$E$2:$E$100, 0)), 0 ) -> 0 | R46: =IFERROR( INDEX(Campaign!$C$2:$C$100, MATCH(N46, Campaign!$E$2:$E$100, 0)), 0 ) -> 0 | S46: =IFERROR( INDEX(Campaign!$C$2:$C$100, MATCH(O46, Campaign!$E$2:$E$100, 0)), 0 ) -> 0 | T46: =IF((Q46+R46+S46)=0, "", J46/(Q46+R46+S46)) | U46: =(F46+H46+G46)/I46 -> 0.075229902 | V46: =IFERROR( INDEX(Campaign!$A$2:$A$100, MATCH(M50, Campaign!$E$2:$E$100, 0)), "" ) | W46: =IF(TRIM(O46)="","Before", "During") -> Before
A47: P046 | B47: Twitter | C47: 45779 | D47: Video | E47: Check out our latest video on twitter! | F47: 1108 | G47: 177 | H47: 212 | I47: 8864 | J47: =F47+G47+H47+L47 -> 1594 | K47: 8710 | L47: 97 | M47: TeslaCoInnovation | P47: SustainabilityDrive | Q47: =IFERROR( INDEX(Campaign!$C$2:$C$100, MATCH(M47, Campaign!$E$2:$E$100, 0)), 0 ) -> 0 | R47: =IFERROR( INDEX(Campaign!$C$2:$C$100, MATCH(N47, Campaign!$E$2:$E$100, 0)), 0 ) -> 0 | S47: =IFERROR( INDEX(Campaign!$C$2:$C$100, MATCH(O47, Campaign!$E$2:$E$100, 0)), 0 ) -> 0 | T47: =IF((Q47+R47+S47)=0, "", J47/(Q47+R47+S47)) | U47: =(F47+H47+G47)/I47 -> 0.16888538 | V47: =IFERROR( INDEX(Campaign!$A$2:$A$100, MATCH(M51, Campaign!$E$2:$E$100, 0)), "" ) | W47: =IF(TRIM(O47)="","Before", "During") -> Before
A48: P047 | B48: Twitter | C48: 45712 | D48: Carousel | E48: Check out our latest carousel on twitter! | F48: 2704 | G48: 752 | H48: 153 | I48: 21632 | J48: =F48+G48+H48+L48 -> 3736 | K48: 20792 | L48: 127 | M48: FutureOfDriving | Q48: =IFERROR( INDEX(Campaign!$C$2:$C$100, MATCH(M48, Campaign!$E$2:$E$100, 0)), 0 ) -> 0 | R48: =IFERROR( INDEX(Campaign!$C$2:$C$100, MATCH(N48, Campaign!$E$2:$E$100, 0)), 0 ) -> 0 | S48: =IFERROR( INDEX(Campaign!$C$2:$C$100, MATCH(O48, Campaign!$E$2:$E$100, 0)), 0 ) -> 0 | T48: =IF((Q48+R48+S48)=0, "", J48/(Q48+R48+S48)) | U48: =(F48+H48+G48)/I48 -> 0.16683617 | V48: =IFERROR( INDEX(Campaign!$A$2:$A$100, MATCH(M52, Campaign!$E$2:$E$100, 0)), "" ) | W48: =IF(TRIM(O48)="","Before", "During") -> Before
A49: P048 | B49: Twitter | C49: 45727 | D49: Story | E49: Check out our latest story on twitter! | F49: 1950 | G49: 295 | H49: 478 | I49: 37050 | J49: =F49+G49+H49+L49 -> 2842 | K49: 36272 | L49: 119 | M49: TeslaCoInnovation | Q49: =IFERROR( INDEX(Campaign!$C$2:$C$100, MATCH(M49, Campaign!$E$2:$E$100, 0)), 0 ) -> 0 | R49: =IFERROR( INDEX(Campaign!$C$2:$C$100, MATCH(N49, Campaign!$E$2:$E$100, 0)), 0 ) -> 0 | S49: =IFERROR( INDEX(Campaign!$C$2:$C$100, MATCH(O49, Campaign!$E$2:$E$100, 0)), 0 ) -> 0 | T49: =IF((Q49+R49+S49)=0, "", J49/(Q49+R49+S49)) | U49: =(F49+H49+G49)/I49 -> 0.073495277 | V49: =IFERROR( INDEX(Campaign!$A$2:$A$100, MATCH(M53, Campaign!$E$2:$E$100, 0)), "" ) | W49: =IF(TRIM(O49)="","Before", "During") -> Before
A50: P049 | B50: Twitter | C50: 45453 | D50: Story | E50: Check out our latest story on twitter! | F50: 2164 | G50: 549 | H50: 274 | I50: 28132 | J50: =F50+G50+H50+L50 -> 3164 | K50: 27361 | L50: 177 | M50: TeslaCoInnovation | P50: SustainabilityDrive | Q50: =IFERROR( INDEX(Campaign!$C$2:$C$100, MATCH(M50, Campaign!$E$2:$E$100, 0)), 0 ) -> 0 | R50: =IFERROR( INDEX(Campaign!$C$2:$C$100, MATCH(N50, Campaign!$E$2:$E$100, 0)), 0 ) -> 0 | S50: =IFERROR( INDEX(Campaign!$C$2:$C$100, MATCH(O50, Campaign!$E$2:$E$100, 0)), 0 ) -> 0 | T50: =IF((Q50+R50+S50)=0, "", J50/(Q50+R50+S50)) | U50: =(F50+H50+G50)/I50 -> 0.10617802 | V50: =IFERROR( INDEX(Campaign!$A$2:$A$100, MATCH(M54, Campaign!$E$2:$E$100, 0)), "" ) -> 45488 | W50: =IF(TRIM(O50)="","Before", "During") -> Before
A51: P050 | B51: YouTube | C51: 45476 | D51: Story | E51: Check out our latest story on youtube! | F51: 2754 | G51: 130 | H51: 90 | I51: 22032 | J51: =F51+G51+H51+L51 -> 3086 | K51: 21288 | L51: 112 | M51: TeslaCoInnovation | P51: FSDUpdate | Q51: =IFERROR( INDEX(Campaign!$C$2:$C$100, MATCH(M51, Campaign!$E$2:$E$100, 0)), 0 ) -> 0 | R51: =IFERROR( INDEX(Campaign!$C$2:$C$100, MATCH(N51, Campaign!$E$2:$E$100, 0)), 0 ) -> 0 | S51: =IFERROR( INDEX(Campaign!$C$2:$C$100, MATCH(O51, Campaign!$E$2:$E$100, 0)), 0 ) -> 0 | T51: =IF((Q51+R51+S51)=0, "", J51/(Q51+R51+S51)) | U51: =(F51+H51+G51)/I51 -> 0.13498548 | V51: =IFERROR( INDEX(Campaign!$A$2:$A$100, MATCH(M55, Campaign!$E$2:$E$100, 0)), "" ) | W51: =IF(TRIM(O51)="","Before", "During") -> Before
A52: P051 | B52: Facebook | C52: 45456 | D52: Carousel | E52: Check out our latest carousel on facebook! | F52: 2200 | G52: 504 | H52: 239 | I52: 37400 | J52: =F52+G52+H52+L52 -> 3168 | K52: 36938 | L52: 225 | M52: FutureOfDriving | P52: ModelYCampaign | Q52: =IFERROR( INDEX(Campaign!$C$2:$C$100, MATCH(M52, Campaign!$E$2:$E$100, 0)), 0 ) -> 0 | R52: =IFERROR( INDEX(Campaign!$C$2:$C$100, MATCH(N52, Campaign!$E$2:$E$100, 0)), 0 ) -> 0 | S52: =IFERROR( INDEX(Campaign!$C$2:$C$100, MATCH(O52, Campaign!$E$2:$E$100, 0)), 0 ) -> 0 | T52: =IF((Q52+R52+S52)=0, "", J52/(Q52+R52+S52)) | U52: =(F52+H52+G52)/I52 -> 0.07868984 | V52: =IFERROR( INDEX(Campaign!$A$2:$A$100, MATCH(M56, Campaign!$E$2:$E$100, 0)), "" ) -> 45488 | W52: =IF(TRIM(O52)="","Before", "During") -> Before
A53: P052 | B53: Facebook | C53: 45660 | D53: Image | E53: Check out our latest image on facebook! | F53: 947 | G53: 338 | H53: 350 | I53: 10417 | J53: =F53+G53+H53+L53 -> 1669 | K53: 9730 | L53: 34 | M53: TeslaCoInnovation | P53: SustainabilityDrive | Q53: =IFERROR( INDEX(Campaign!$C$2:$C$100, MATCH(M53, Campaign!$E$2:$E$100, 0)), 0 ) -> 0 | R53: =IFERROR( INDEX(Campaign!$C$2:$C$100, MATCH(N53, Campaign!$E$2:$E$100, 0)), 0 ) -> 0 | S53: =IFERROR( INDEX(Campaign!$C$2:$C$100, MATCH(O53, Campaign!$E$2:$E$100, 0)), 0 ) -> 0 | T53: =IF((Q53+R53+S53)=0, "", J53/(Q53+R53+S53)) | U53: =(F53+H53+G53)/I53 -> 0.15695498 | V53: =IFERROR( INDEX(Campaign!$A$2:$A$100, MATCH(M57, Campaign!$E$2:$E$100, 0)), "" ) | W53: =IF(TRIM(O53)="","Before", "During") -> Before
A54: P053 | B54: YouTube | C54: 45712 | D54: Carousel | E54: Check out our latest carousel on youtube! | F54: 804 | G54: 639 | H54: 43 | I54: 4020 | J54: =F54+G54+H54+L54 -> 1497 | K54: 3144 | L54: 11 | M54: EVRevolution | N54: BetterWithTesla | Q54: =IFERROR( INDEX(Campaign!$C$2:$C$100, MATCH(M54, Campaign!$E$2:$E$100, 0)), 0 ) -> 150000 | R54: =IFERROR( INDEX(Campaign!$C$2:$C$100, MATCH(N54, Campaign!$E$2:$E$100, 0)), 0 ) -> 180000 | S54: =IFERROR( INDEX(Campaign!$C$2:$C$100, MATCH(O54, Campaign!$E$2:$E$100, 0)), 0 ) -> 0 | T54: =IF((Q54+R54+S54)=0, "", J54/(Q54+R54+S54)) -> 0.0045363636 | U54: =(F54+H54+G54)/I54 -> 0.36965174 | V54: =IFERROR( INDEX(Campaign!$A$2:$A$100, MATCH(M58, Campaign!$E$2:$E$100, 0)), "" ) | W54: =IF(TRIM(O54)="","Before", "During") -> Before
A55: P054 | B55: YouTube | C55: 45729 | D55: Carousel | E55: Check out our latest carousel on youtube! | F55: 1686 | G55: 904 | H55: 472 | I55: 18546 | J55: =F55+G55+H55+L55 -> 3114 | K55: 18171 | L55: 52 | M55: FutureOfDriving | P55: ModelYCampaign | Q55: =IFERROR( INDEX(Campaign!$C$2:$C$100, MATCH(M55, Campaign!$E$2:$E$100, 0)), 0 ) -> 0 | R55: =IFERROR( INDEX(Campaign!$C$2:$C$100, MATCH(N55, Campaign!$E$2:$E$100, 0)), 0 ) -> 0 | S55: =IFERROR( INDEX(Campaign!$C$2:$C$100, MATCH(O55, Campaign!$E$2:$E$100, 0)), 0 ) -> 0 | T55: =IF((Q55+R55+S55)=0, "", J55/(Q55+R55+S55)) | U55: =(F55+H55+G55)/I55 -> 0.16510299 | V55: =IFERROR( INDEX(Campaign!$A$2:$A$100, MATCH(M59, Campaign!$E$2:$E$100, 0)), "" ) | W55: =IF(TRIM(O55)="","Before", "During") -> Before
A56: P055 | B56: Facebook | C56: 45460 | D56: Image | E56: Check out our latest image on facebook! | F56: 1226 | G56: 119 | H56: 7 | I56: 14712 | J56: =F56+G56+H56+L56 -> 1475 | K56: 14049 | L56: 123 | M56: EVRevolution | P56: SustainabilityDrive | Q56: =IFERROR( INDEX(Campaign!$C$2:$C$100, MATCH(M56, Campaign!$E$2:$E$100, 0)), 0 ) -> 150000 | R56: =IFERROR( INDEX(Campaign!$C$2:$C$100, MATCH(N56, Campaign!$E$2:$E$100, 0)), 0 ) -> 0 | S56: =IFERROR( INDEX(Campaign!$C$2:$C$100, MATCH(O56, Campaign!$E$2:$E$100, 0)), 0 ) -> 0 | T56: =IF((Q56+R56+S56)=0, "", J56/(Q56+R56+S56)) -> 0.0098333333 | U56: =(F56+H56+G56)/I56 -> 0.091897771 | V56: =IFERROR( INDEX(Campaign!$A$2:$A$100, MATCH(M60, Campaign!$E$2:$E$100, 0)), "" ) -> 45488 | W56: =IF(TRIM(O56)="","Before", "During") -> Before
A57: P056 | B57: Facebook | C57: 45644 | D57: Carousel | E57: Check out our latest carousel on facebook! | F57: 2946 | G57: 498 | H57: 367 | I57: 29460 | J57: =F57+G57+H57+L57 -> 3871 | K57: 28527 | L57: 60 | M57: FutureOfDriving | P57: FSDUpdate | Q57: =IFERROR( INDEX(Campaign!$C$2:$C$100, MATCH(M57, Campaign!$E$2:$E$100, 0)), 0 ) -> 0 | R57: =IFERROR( INDEX(Campaign!$C$2:$C$100, MATCH(N57, Campaign!$E$2:$E$100, 0)), 0 ) -> 0 | S57: =IFERROR( INDEX(Campaign!$C$2:$C$100, MATCH(O57, Campaign!$E$2:$E$100, 0)), 0 ) -> 0 | T57: =IF((Q57+R57+S57)=0, "", J57/(Q57+R57+S57)) | U57: =(F57+H57+G57)/I57 -> 0.12936185 | V57: =IFERROR( INDEX(Campaign!$A$2:$A$100, MATCH(M61, Campaign!$E$2:$E$100, 0)), "" ) -> 45488 | W57: =IF(TRIM(O57)="","Before", "During") -> Before
A58: P057 | B58: Twitter | C58: 45586 | D58: Video | E58: Check out our latest video on twitter! | F58: 2825 | G58: 535 | H58: 295 | I58: 45200 | J58: =F58+G58+H58+L58 -> 3824 | K58: 44739 | L58: 169 | M58: TeslaCoInnovation | P58: CybertruckLaunch | Q58: =IFERROR( INDEX(Campaign!$C$2:$C$100, MATCH(M58, Campaign!$E$2:$E$100, 0)), 0 ) -> 0 | R58: =IFERROR( INDEX(Campaign!$C$2:$C$100, MATCH(N58, Campaign!$E$2:$E$100, 0)), 0 ) -> 0 | S58: =IFERROR( INDEX(Campaign!$C$2:$C$100, MATCH(O58, Campaign!$E$2:$E$100, 0)), 0 ) -> 0 | T58: =IF((Q58+R58+S58)=0, "", J58/(Q58+R58+S58)) | U58: =(F58+H58+G58)/I58 -> 0.080862832 | V58: =IFERROR( INDEX(Campaign!$A$2:$A$100, MATCH(M62, Campaign!$E$2:$E$100, 0)), "" ) | W58: =IF(TRIM(O58)="","Before", "During") -> Before
A59: P058 | B59: Instagram | C59: 45762 | D59: Reel | E59: Check out our latest reel on instagram! | F59: 103 | G59: 770 | H59: 19 | I59: 1030 | J59: =F59+G59+H59+L59 -> 1154 | K59: 410 | L59: 262 | M59: TeslaCoInnovation | P59: SustainabilityDrive | Q59: =IFERROR( INDEX(Campaign!$C$2:$C$100, MATCH(M59, Campaign!$E$2:$E$100, 0)), 0 ) -> 0 | R59: =IFERROR( INDEX(Campaign!$C$2:$C$100, MATCH(N59, Campaign!$E$2:$E$100, 0)), 0 ) -> 0 | S59: =IFERROR( INDEX(Campaign!$C$2:$C$100, MATCH(O59, Campaign!$E$2:$E$100, 0)), 0 ) -> 0 | T59: =IF((Q59+R59+S59)=0, "", J59/(Q59+R59+S59)) | U59: =(F59+H59+G59)/I59 -> 0.86601942 | V59: =IFERROR( INDEX(Campaign!$A$2:$A$100, MATCH(M63, Campaign!$E$2:$E$100, 0)), "" ) | W59: =IF(TRIM(O59)="","Before", "During") -> Before
A60: P059 | B60: Instagram | C60: 45465 | D60: Text | E60: Check out our latest text on instagram! | F60: 2180 | G60: 263 | H60: 387 | I60: 30520 | J60: =F60+G60+H60+L60 -> 3004 | K60: 30059 | L60: 174 | M60: EVRevolution | Q60: =IFERROR( INDEX(Campaign!$C$2:$C$100, MATCH(M60, Campaign!$E$2:$E$100, 0)), 0 ) -> 150000 | R60: =IFERROR( INDEX(Campaign!$C$2:$C$100, MATCH(N60, Campaign!$E$2:$E$100, 0)), 0 ) -> 0 | S60: =IFERROR( INDEX(Campaign!$C$2:$C$100, MATCH(O60, Campaign!$E$2:$E$100, 0)), 0 ) -> 0 | T60: =IF((Q60+R60+S60)=0, "", J60/(Q60+R60+S60)) -> 0.020026667 | U60: =(F60+H60+G60)/I60 -> 0.092726081 | V60: =IFERROR( INDEX(Campaign!$A$2:$A$100, MATCH(M64, Campaign!$E$2:$E$100, 0)), "" ) | W60: =IF(TRIM(O60)="","Before", "During") -> Before
A61: P060 | B61: Instagram | C61: 45685 | D61: Video | E61: Check out our latest video on instagram! | F61: 904 | G61: 973 | H61: 63 | I61: 11752 | J61: =F61+G61+H61+L61 -> 2024 | K61: 11580 | L61: 84 | M61: EVRevolution | N61: TeslaCoInnovation | O61: AnytimeIsTeslaTime | P61: FSDUpdate | Q61: =IFERROR( INDEX(Campaign!$C$2:$C$100, MATCH(M61, Campaign!$E$2:$E$100, 0)), 0 ) -> 150000 | R61: =IFERROR( INDEX(Campaign!$C$2:$C$100, MATCH(N61, Campaign!$E$2:$E$100, 0)), 0 ) -> 0 | S61: =IFERROR( INDEX(Campaign!$C$2:$C$100, MATCH(O61, Campaign!$E$2:$E$100, 0)), 0 ) -> 200000 | T61: =IF((Q61+R61+S61)=0, "", J61/(Q61+R61+S61)) -> 0.0057828571 | U61: =(F61+H61+G61)/I61 -> 0.16507828 | V61: =IFERROR( INDEX(Campaign!$A$2:$A$100, MATCH(M65, Campaign!$E$2:$E$100, 0)), "" ) | W61: =IF(TRIM(O61)="","Before", "During") -> During
A62: P061 | B62: Twitter | C62: 45540 | D62: Video | E62: Check out our latest video on twitter! | F62: 4886 | G62: 983 | H62: 409 | I62: 43974 | J62: =F62+G62+H62+L62 -> 6343 | K62: 43239 | L62: 65 | M62: TeslaCoInnovation | P62: CybertruckLaunch | Q62: =IFERROR( INDEX(Campaign!$C$2:$C$100, MATCH(M62, Campaign!$E$2:$E$100, 0)), 0 ) -> 0 | R62: =IFERROR( INDEX(Campaign!$C$2:$C$100, MATCH(N62, Campaign!$E$2:$E$100, 0)), 0 ) -> 0 | S62: =IFERROR( INDEX(Campaign!$C$2:$C$100, MATCH(O62, Campaign!$E$2:$E$100, 0)), 0 ) -> 0 | T62: =IF((Q62+R62+S62)=0, "", J62/(Q62+R62+S62)) | U62: =(F62+H62+G62)/I62 -> 0.14276618 | V62: =IFERROR( INDEX(Campaign!$A$2:$A$100, MATCH(M66, Campaign!$E$2:$E$100, 0)), "" ) -> 45488 | W62: =IF(TRIM(O62)="","Before", "During") -> Before
A63: P062 | B63: Twitter | C63: 45618 | D63: Carousel | E63: Check out our latest carousel on twitter! | F63: 53 | G63: 81 | H63: 379 | I63: 954 | J63: =F63+G63+H63+L63 -> 661 | K63: 7 | L63: 148 | M63: TeslaCoInnovation | P63: FSDUpdate | Q63: =IFERROR( INDEX(Campaign!$C$2:$C$100, MATCH(M63, Campaign!$E$2:$E$100, 0)), 0 ) -> 0 | R63: =IFERROR( INDEX(Campaign!$C$2:$C$100, MATCH(N63, Campaign!$E$2:$E$100, 0)), 0 ) -> 0 | S63: =IFERROR( INDEX(Campaign!$C$2:$C$100, MATCH(O63, Campaign!$E$2:$E$100, 0)), 0 ) -> 0 | T63: =IF((Q63+R63+S63)=0, "", J63/(Q63+R63+S63)) | U63: =(F63+H63+G63)/I63 -> 0.53773585 | V63: =IFERROR( INDEX(Campaign!$A$2:$A$100, MATCH(M67, Campaign!$E$2:$E$100, 0)), "" ) -> 45488 | W63: =IF(TRIM(O63)="","Before", "During") -> Before
A64: P063 | B64: Twitter | C64: 45504 | D64: Carousel | E64: Check out our latest carousel on twitter! | F64: 4507 | G64: 217 | H64: 13 | I64: 90140 | J64: =F64+G64+H64+L64 -> 4862 | K64: 89591 | L64: 125 | M64: FutureOfDriving | P64: FSDUpdate | Q64: =IFERROR( INDEX(Campaign!$C$2:$C$100, MATCH(M64, Campaign!$E$2:$E$100, 0)), 0 ) -> 0 | R64: =IFERROR( INDEX(Campaign!$C$2:$C$100, MATCH(N64, Campaign!$E$2:$E$100, 0)), 0 ) -> 0 | S64: =IFERROR( INDEX(Campaign!$C$2:$C$100, MATCH(O64, Campaign!$E$2:$E$100, 0)), 0 ) -> 0 | T64: =IF((Q64+R64+S64)=0, "", J64/(Q64+R64+S64)) | U64: =(F64+H64+G64)/I64 -> 0.052551586 | V64: =IFERROR( INDEX(Campaign!$A$2:$A$100, MATCH(M68, Campaign!$E$2:$E$100, 0)), "" ) -> 45488 | W64: =IF(TRIM(O64)="","Before", "During") -> Before
A65: P064 | B65: Facebook | C65: 45521 | D65: Image | E65: Check out our latest image on facebook! | F65: 2878 | G65: 248 | H65: 416 | I65: 43170 | J65: =F65+G65+H65+L65 -> 3617 | K65: 42667 | L65: 75 | M65: FutureOfDriving | P65: FSDUpdate | Q65: =IFERROR( INDEX(Campaign!$C$2:$C$100, MATCH(M65, Campaign!$E$2:$E$100, 0)), 0 ) -> 0 | R65: =IFERROR( INDEX(Campaign!$C$2:$C$100, MATCH(N65, Campaign!$E$2:$E$100, 0)), 0 ) -> 0 | S65: =IFERROR( INDEX(Campaign!$C$2:$C$100, MATCH(O65, Campaign!$E$2:$E$100, 0)), 0 ) -> 0 | T65: =IF((Q65+R65+S65)=0, "", J65/(Q65+R65+S65)) | U65: =(F65+H65+G65)/I65 -> 0.082047718 | V65: =IFERROR( INDEX(Campaign!$A$2:$A$100, MATCH(M69, Campaign!$E$2:$E$100, 0)), "" ) -> 45488 | W65: =IF(TRIM(O65)="","Before", "During") -> Before
A66: P065 | B66: Instagram | C66: 45744 | D66: Story | E66: Check out our latest story on instagram! | F66: 1881 | G66: 501 | H66: 99 | I66: 20691 | J66: =F66+G66+H66+L66 -> 2770 | K66: 19987 | L66: 289 | M66: EVRevolution | Q66: =IFERROR( INDEX(Campaign!$C$2:$C$100, MATCH(M66, Campaign!$E$2:$E$100, 0)), 0 ) -> 150000 | R66: =IFERROR( INDEX(Campaign!$C$2:$C$100, MATCH(N66, Campaign!$E$2:$E$100, 0)), 0 ) -> 0 | S66: =IFERROR( INDEX(Campaign!$C$2:$C$100, MATCH(O66, Campaign!$E$2:$E$100, 0)), 0 ) -> 0 | T66: =IF((Q66+R66+S66)=0, "", J66/(Q66+R66+S66)) -> 0.018466667 | U66: =(F66+H66+G66)/I66 -> 0.11990721 | V66: =IFERROR( INDEX(Campaign!$A$2:$A$100, MATCH(M70, Campaign!$E$2:$E$100, 0)), "" ) | W66: =IF(TRIM(O66)="","Before", "During") -> Before
A67: P066 | B67: Twitter | C67: 45499 | D67: Carousel | E67: Check out our latest carousel on twitter! | F67: 432 | G67: 171 | H67: 280 | I67: 3024 | J67: =F67+G67+H67+L67 -> 1067 | K67: 2285 | L67: 184 | M67: EVRevolution | P67: CybertruckLaunch | Q67: =IFERROR( INDEX(Campaign!$C$2:$C$100, MATCH(M67, Campaign!$E$2:$E$100, 0)), 0 ) -> 150000 | R67: =IFERROR( INDEX(Campaign!$C$2:$C$100, MATCH(N67, Campaign!$E$2:$E$100, 0)), 0 ) -> 0 | S67: =IFERROR( INDEX(Campaign!$C$2:$C$100, MATCH(O67, Campaign!$E$2:$E$100, 0)), 0 ) -> 0 | T67: =IF((Q67+R67+S67)=0, "", J67/(Q67+R67+S67)) -> 0.0071133333 | U67: =(F67+H67+G67)/I67 -> 0.29199735 | V67: =IFERROR( INDEX(Campaign!$A$2:$A$100, MATCH(M71, Campaign!$E$2:$E$100, 0)), "" ) | W67: =IF(TRIM(O67)="","Before", "During") -> Before
A68: P067 | B68: Facebook | C68: 45745 | D68: Carousel | E68: Check out our latest carousel on facebook! | F68: 4712 | G68: 568 | H68: 127 | I68: 84816 | J68: =F68+G68+H68+L68 -> 5507 | K68: 84691 | L68: 100 | M68: EVRevolution | P68: FSDUpdate | Q68: =IFERROR( INDEX(Campaign!$C$2:$C$100, MATCH(M68, Campaign!$E$2:$E$100, 0)), 0 ) -> 150000 | R68: =IFERROR( INDEX(Campaign!$C$2:$C$100, MATCH(N68, Campaign!$E$2:$E$100, 0)), 0 ) -> 0 | S68: =IFERROR( INDEX(Campaign!$C$2:$C$100, MATCH(O68, Campaign!$E$2:$E$100, 0)), 0 ) -> 0 | T68: =IF((Q68+R68+S68)=0, "", J68/(Q68+R68+S68)) -> 0.036713333 | U68: =(F68+H68+G68)/I68 -> 0.063749764 | V68: =IFERROR( INDEX(Campaign!$A$2:$A$100, MATCH(M72, Campaign!$E$2:$E$100, 0)), "" ) | W68: =IF(TRIM(O68)="","Before", "During") -> Before
A69: P068 | B69: Instagram | C69: 45634 | D69: Story | E69: Check out our latest story on instagram! | F69: 2610 | G69: 126 | H69: 288 | I69: 15660 | J69: =F69+G69+H69+L69 -> 3097 | K69: 15145 | L69: 73 | M69: EVRevolution | Q69: =IFERROR( INDEX(Campaign!$C$2:$C$100, MATCH(M69, Campaign!$E$2:$E$100, 0)), 0 ) -> 150000 | R69: =IFERROR( INDEX(Campaign!$C$2:$C$100, MATCH(N69, Campaign!$E$2:$E$100, 0)), 0 ) -> 0 | S69: =IFERROR( INDEX(Campaign!$C$2:$C$100, MATCH(O69, Campaign!$E$2:$E$100, 0)), 0 ) -> 0 | T69: =IF((Q69+R69+S69)=0, "", J69/(Q69+R69+S69)) -> 0.020646667 | U69: =(F69+H69+G69)/I69 -> 0.19310345 | V69: =IFERROR( INDEX(Campaign!$A$2:$A$100, MATCH(M73, Campaign!$E$2:$E$100, 0)), "" ) -> 45488 | W69: =IF(TRIM(O69)="","Before", "During") -> Before
A70: P069 | B70: Twitter | C70: 45724 | D70: Text | E70: Check out our latest text on twitter! | F70: 1292 | G70: 626 | H70: 496 | I70: 25840 | J70: =F70+G70+H70+L70 -> 2563 | K70: 24916 | L70: 149 | M70: FutureOfDriving | P70: FSDUpdate | Q70: =IFERROR( INDEX(Campaign!$C$2:$C$100, MATCH(M70, Campaign!$E$2:$E$100, 0)), 0 ) -> 0 | R70: =IFERROR( INDEX(Campaign!$C$2:$C$100, MATCH(N70, Campaign!$E$2:$E$100, 0)), 0 ) -> 0 | S70: =IFERROR( INDEX(Campaign!$C$2:$C$100, MATCH(O70, Campaign!$E$2:$E$100, 0)), 0 ) -> 0 | T70: =IF((Q70+R70+S70)=0, "", J70/(Q70+R70+S70)) | U70: =(F70+H70+G70)/I70 -> 0.093421053 | V70: =IFERROR( INDEX(Campaign!$A$2:$A$100, MATCH(M74, Campaign!$E$2:$E$100, 0)), "" ) | W70: =IF(TRIM(O70)="","Before", "During") -> Before
A71: P070 | B71: Facebook | C71: 45749 | D71: Video | E71: Check out our latest video on facebook! | F71: 199 | G71: 772 | H71: 400 | I71: 3582 | J71: =F71+G71+H71+L71 -> 1414 | K71: 2988 | L71: 43 | M71: TeslaCoInnovation | Q71: =IFERROR( INDEX(Campaign!$C$2:$C$100, MATCH(M71, Campaign!$E$2:$E$100, 0)), 0 ) -> 0 | R71: =IFERROR( INDEX(Campaign!$C$2:$C$100, MATCH(N71, Campaign!$E$2:$E$100, 0)), 0 ) -> 0 | S71: =IFERROR( INDEX(Campaign!$C$2:$C$100, MATCH(O71, Campaign!$E$2:$E$100, 0)), 0 ) -> 0 | T71: =IF((Q71+R71+S71)=0, "", J71/(Q71+R71+S71)) | U71: =(F71+H71+G71)/I71 -> 0.38274707 | V71: =IFERROR( INDEX(Campaign!$A$2:$A$100, MATCH(M75, Campaign!$E$2:$E$100, 0)), "" ) | W71: =IF(TRIM(O71)="","Before", "During") -> Before
A72: P071 | B72: YouTube | C72: 45537 | D72: Carousel | E72: Check out our latest carousel on youtube! | F72: 2551 | G72: 915 | H72: 205 | I72: 30612 | J72: =F72+G72+H72+L72 -> 3898 | K72: 30360 | L72: 227 | M72: TeslaCoInnovation | P72: ModelYCampaign | Q72: =IFERROR( INDEX(Campaign!$C$2:$C$100, MATCH(M72, Campaign!$E$2:$E$100, 0)), 0 ) -> 0 | R72: =IFERROR( INDEX(Campaign!$C$2:$C$100, MATCH(N72, Campaign!$E$2:$E$100, 0)), 0 ) -> 0 | S72: =IFERROR( INDEX(Campaign!$C$2:$C$100, MATCH(O72, Campaign!$E$2:$E$100, 0)), 0 ) -> 0 | T72: =IF((Q72+R72+S72)=0, "", J72/(Q72+R72+S72)) | U72: =(F72+H72+G72)/I72 -> 0.11992029 | V72: =IFERROR( INDEX(Campaign!$A$2:$A$100, MATCH(M76, Campaign!$E$2:$E$100, 0)), "" ) | W72: =IF(TRIM(O72)="","Before", "During") -> Before
A73: P072 | B73: YouTube | C73: 45719 | D73: Reel | E73: Check out our latest reel on youtube! | F73: 296 | G73: 60 | H73: 141 | I73: 5624 | J73: =F73+G73+H73+L73 -> 585 | K73: 5239 | L73: 88 | M73: EVRevolution | P73: ModelYCampaign | Q73: =IFERROR( INDEX(Campaign!$C$2:$C$100, MATCH(M73, Campaign!$E$2:$E$100, 0)), 0 ) -> 150000 | R73: =IFERROR( INDEX(Campaign!$C$2:$C$100, MATCH(N73, Campaign!$E$2:$E$100, 0)), 0 ) -> 0 | S73: =IFERROR( INDEX(Campaign!$C$2:$C$100, MATCH(O73, Campaign!$E$2:$E$100, 0)), 0 ) -> 0 | T73: =IF((Q73+R73+S73)=0, "", J73/(Q73+R73+S73)) -> 0.0039 | U73: =(F73+H73+G73)/I73 -> 0.088371266 | V73: =IFERROR( INDEX(Campaign!$A$2:$A$100, MATCH(M77, Campaign!$E$2:$E$100, 0)), "" ) | W73: =IF(TRIM(O73)="","Before", "During") -> Before
A74: P073 | B74: Facebook | C74: 45583 | D74: Story | E74: Check out our latest story on facebook! | F74: 4126 | G74: 426 | H74: 486 | I74: 78394 | J74: =F74+G74+H74+L74 -> 5126 | K74: 77798 | L74: 88 | M74: FutureOfDriving | P74: SustainabilityDrive | Q74: =IFERROR( INDEX(Campaign!$C$2:$C$100, MATCH(M74, Campaign!$E$2:$E$100, 0)), 0 ) -> 0 | R74: =IFERROR( INDEX(Campaign!$C$2:$C$100, MATCH(N74, Campaign!$E$2:$E$100, 0)), 0 ) -> 0 | S74: =IFERROR( INDEX(Campaign!$C$2:$C$100, MATCH(O74, Campaign!$E$2:$E$100, 0)), 0 ) -> 0 | T74: =IF((Q74+R74+S74)=0, "", J74/(Q74+R74+S74)) | U74: =(F74+H74+G74)/I74 -> 0.064265122 | V74: =IFERROR( INDEX(Campaign!$A$2:$A$100, MATCH(M78, Campaign!$E$2:$E$100, 0)), "" ) | W74: =IF(TRIM(O74)="","Before", "During") -> Before
A75: P074 | B75: YouTube | C75: 45593 | D75: Reel | E75: Check out our latest reel on youtube! | F75: 1855 | G75: 200 | H75: 174 | I75: 16695 | J75: =F75+G75+H75+L75 -> 2352 | K75: 16330 | L75: 123 | M75: TeslaCoInnovation | P75: FSDUpdate | Q75: =IFERROR( INDEX(Campaign!$C$2:$C$100, MATCH(M75, Campaign!$E$2:$E$100, 0)), 0 ) -> 0 | R75: =IFERROR( INDEX(Campaign!$C$2:$C$100, MATCH(N75, Campaign!$E$2:$E$100, 0)), 0 ) -> 0 | S75: =IFERROR( INDEX(Campaign!$C$2:$C$100, MATCH(O75, Campaign!$E$2:$E$100, 0)), 0 ) -> 0 | T75: =IF((Q75+R75+S75)=0, "", J75/(Q75+R75+S75)) | U75: =(F75+H75+G75)/I75 -> 0.13351303 | V75: =IFERROR( INDEX(Campaign!$A$2:$A$100, MATCH(M79, Campaign!$E$2:$E$100, 0)), "" ) | W75: =IF(TRIM(O75)="","Before", "During") -> Before
A76: P075 | B76: Instagram | C76: 45505 | D76: Reel | E76: Check out our latest reel on instagram! | F76: 1674 | G76: 929 | H76: 37 | I76: 21762 | J76: =F76+G76+H76+L76 -> 2895 | K76: 20998 | L76: 255 | M76: TeslaCoInnovation | P76: SustainabilityDrive | Q76: =IFERROR( INDEX(Campaign!$C$2:$C$100, MATCH(M76, Campaign!$E$2:$E$100, 0)), 0 ) -> 0 | R76: =IFERROR( INDEX(Campaign!$C$2:$C$100, MATCH(N76, Campaign!$E$2:$E$100, 0)), 0 ) -> 0 | S76: =IFERROR( INDEX(Campaign!$C$2:$C$100, MATCH(O76, Campaign!$E$2:$E$100, 0)), 0 ) -> 0 | T76: =IF((Q76+R76+S76)=0, "", J76/(Q76+R76+S76)) | U76: =(F76+H76+G76)/I76 -> 0.12131238 | V76: =IFERROR( INDEX(Campaign!$A$2:$A$100, MATCH(M80, Campaign!$E$2:$E$100, 0)), "" ) -> 45488 | W76: =IF(TRIM(O76)="","Before", "During") -> Before
A77: P076 | B77: Twitter | C77: 45603 | D77: Story | E77: Check out our latest story on twitter! | F77: 1121 | G77: 135 | H77: 18 | I77: 15694 | J77: =F77+G77+H77+L77 -> 1373 | K77: 14957 | L77: 99 | M77: TeslaCoInnovation | P77: SustainabilityDrive | Q77: =IFERROR( INDEX(Campaign!$C$2:$C$100, MATCH(M77, Campaign!$E$2:$E$100, 0)), 0 ) -> 0 | R77: =IFERROR( INDEX(Campaign!$C$2:$C$100, MATCH(N77, Campaign!$E$2:$E$100, 0)), 0 ) -> 0 | S77: =IFERROR( INDEX(Campaign!$C$2:$C$100, MATCH(O77, Campaign!$E$2:$E$100, 0)), 0 ) -> 0 | T77: =IF((Q77+R77+S77)=0, "", J77/(Q77+R77+S77)) | U77: =(F77+H77+G77)/I77 -> 0.08117752 | V77: =IFERROR( INDEX(Campaign!$A$2:$A$100, MATCH(M81, Campaign!$E$2:$E$100, 0)), "" ) | W77: =IF(TRIM(O77)="","Before", "During") -> Before
A78: P077 | B78: Facebook | C78: 45720 | D78: Story | E78: Check out our latest story on facebook! | F78: 1249 | G78: 116 | H78: 420 | I78: 8743 | J78: =F78+G78+H78+L78 -> 1848 | K78: 8538 | L78: 63 | M78: TeslaCoInnovation | Q78: =IFERROR( INDEX(Campaign!$C$2:$C$100, MATCH(M78, Campaign!$E$2:$E$100, 0)), 0 ) -> 0 | R78: =IFERROR( INDEX(Campaign!$C$2:$C$100, MATCH(N78, Campaign!$E$2:$E$100, 0)), 0 ) -> 0 | S78: =IFERROR( INDEX(Campaign!$C$2:$C$100, MATCH(O78, Campaign!$E$2:$E$100, 0)), 0 ) -> 0 | T78: =IF((Q78+R78+S78)=0, "", J78/(Q78+R78+S78)) | U78: =(F78+H78+G78)/I78 -> 0.20416333 | V78: =IFERROR( INDEX(Campaign!$A$2:$A$100, MATCH(M82, Campaign!$E$2:$E$100, 0)), "" ) | W78: =IF(TRIM(O78)="","Before", "During") -> Before
A79: P078 | B79: Twitter | C79: 45460 | D79: Image | E79: Check out our latest image on twitter! | F79: 954 | G79: 324 | H79: 288 | I79: 19080 | J79: =F79+G79+H79+L79 -> 1587 | K79: 18859 | L79: 21 | M79: FutureOfDriving | P79: SustainabilityDrive | Q79: =IFERROR( INDEX(Campaign!$C$2:$C$100, MATCH(M79, Campaign!$E$2:$E$100, 0)), 0 ) -> 0 | R79: =IFERROR( INDEX(Campaign!$C$2:$C$100, MATCH(N79, Campaign!$E$2:$E$100, 0)), 0 ) -> 0 | S79: =IFERROR( INDEX(Campaign!$C$2:$C$100, MATCH(O79, Campaign!$E$2:$E$100, 0)), 0 ) -> 0 | T79: =IF((Q79+R79+S79)=0, "", J79/(Q79+R79+S79)) | U79: =(F79+H79+G79)/I79 -> 0.082075472 | V79: =IFERROR( INDEX(Campaign!$A$2:$A$100, MATCH(M83, Campaign!$E$2:$E$100, 0)), "" ) | W79: =IF(TRIM(O79)="","Before", "During") -> Before
A80: P079 | B80: Instagram | C80: 45574 | D80: Carousel | E80: Check out our latest carousel on instagram! | F80: 3068 | G80: 137 | H80: 329 | I80: 39884 | J80: =F80+G80+H80+L80 -> 3800 | K80: 39404 | L80: 266 | M80: EVRevolution | P80: ModelYCampaign | Q80: =IFERROR( INDEX(Campaign!$C$2:$C$100, MATCH(M80, Campaign!$E$2:$E$100, 0)), 0 ) -> 150000 | R80: =IFERROR( INDEX(Campaign!$C$2:$C$100, MATCH(N80, Campaign!$E$2:$E$100, 0)), 0 ) -> 0 | S80: =IFERROR( INDEX(Campaign!$C$2:$C$100, MATCH(O80, Campaign!$E$2:$E$100, 0)), 0 ) -> 0 | T80: =IF((Q80+R80+S80)=0, "", J80/(Q80+R80+S80)) -> 0.025333333 | U80: =(F80+H80+G80)/I80 -> 0.08860696 | V80: =IFERROR( INDEX(Campaign!$A$2:$A$100, MATCH(M84, Campaign!$E$2:$E$100, 0)), "" ) -> 45488 | W80: =IF(TRIM(O80)="","Before", "During") -> Before
A81: P080 | B81: Instagram | C81: 45456 | D81: Story | E81: Check out our latest story on instagram! | F81: 2103 | G81: 892 | H81: 103 | I81: 39957 | J81: =F81+G81+H81+L81 -> 3126 | K81: 39466 | L81: 28 | M81: FutureOfDriving | Q81: =IFERROR( INDEX(Campaign!$C$2:$C$100, MATCH(M81, Campaign!$E$2:$E$100, 0)), 0 ) -> 0 | R81: =IFERROR( INDEX(Campaign!$C$2:$C$100, MATCH(N81, Campaign!$E$2:$E$100, 0)), 0 ) -> 0 | S81: =IFERROR( INDEX(Campaign!$C$2:$C$100, MATCH(O81, Campaign!$E$2:$E$100, 0)), 0 ) -> 0 | T81: =IF((Q81+R81+S81)=0, "", J81/(Q81+R81+S81)) | U81: =(F81+H81+G81)/I81 -> 0.077533348 | V81: =IFERROR( INDEX(Campaign!$A$2:$A$100, MATCH(M85, Campaign!$E$2:$E$100, 0)), "" ) | W81: =IF(TRIM(O81)="","Before", "During") -> Before
A82: P081 | B82: Instagram | C82: 45584 | D82: Story | E82: Check out our latest story on instagram! | F82: 1816 | G82: 29 | H82: 41 | I82: 19976 | J82: =F82+G82+H82+L82 -> 2169 | K82: 19262 | L82: 283 | M82: TeslaCoInnovation | P82: FSDUpdate | Q82: =IFERROR( INDEX(Campaign!$C$2:$C$100, MATCH(M82, Campaign!$E$2:$E$100, 0)), 0 ) -> 0 | R82: =IFERROR( INDEX(Campaign!$C$2:$C$100, MATCH(N82, Campaign!$E$2:$E$100, 0)), 0 ) -> 0 | S82: =IFERROR( INDEX(Campaign!$C$2:$C$100, MATCH(O82, Campaign!$E$2:$E$100, 0)), 0 ) -> 0 | T82: =IF((Q82+R82+S82)=0, "", J82/(Q82+R82+S82)) | U82: =(F82+H82+G82)/I82 -> 0.094413296 | V82: =IFERROR( INDEX(Campaign!$A$2:$A$100, MATCH(M86, Campaign!$E$2:$E$100, 0)), "" ) | W82: =IF(TRIM(O82)="","Before", "During") -> Before
A83: P082 | B83: Instagram | C83: 45497 | D83: Image | E83: Check out our latest image on instagram! | F83: 725 | G83: 88 | H83: 428 | I83: 14500 | J83: =F83+G83+H83+L83 -> 1441 | K83: 13637 | L83: 200 | M83: FutureOfDriving | N83: TeslaCoInnovation | O83: AnytimeIsTeslaTime | P83: FSDUpdate | Q83: =IFERROR( INDEX(Campaign!$C$2:$C$100, MATCH(M83, Campaign!$E$2:$E$100, 0)), 0 ) -> 0 | R83: =IFERROR( INDEX(Campaign!$C$2:$C$100, MATCH(N83, Campaign!$E$2:$E$100, 0)), 0 ) -> 0 | S83: =IFERROR( INDEX(Campaign!$C$2:$C$100, MATCH(O83, Campaign!$E$2:$E$100, 0)), 0 ) -> 200000 | T83: =IF((Q83+R83+S83)=0, "", J83/(Q83+R83+S83)) -> 0.007205 | U83: =(F83+H83+G83)/I83 -> 0.085586207 | V83: =IFERROR( INDEX(Campaign!$A$2:$A$100, MATCH(M87, Campaign!$E$2:$E$100, 0)), "" ) -> 45488 | W83: =IF(TRIM(O83)="","Before", "During") -> During
A84: P083 | B84: YouTube | C84: 45580 | D84: Video | E84: Check out our latest video on youtube! | F84: 1094 | G84: 472 | H84: 21 | I84: 9846 | J84: =F84+G84+H84+L84 -> 1699 | K84: 9609 | L84: 112 | M84: EVRevolution | Q84: =IFERROR( INDEX(Campaign!$C$2:$C$100, MATCH(M84, Campaign!$E$2:$E$100, 0)), 0 ) -> 150000 | R84: =IFERROR( INDEX(Campaign!$C$2:$C$100, MATCH(N84, Campaign!$E$2:$E$100, 0)), 0 ) -> 0 | S84: =IFERROR( INDEX(Campaign!$C$2:$C$100, MATCH(O84, Campaign!$E$2:$E$100, 0)), 0 ) -> 0 | T84: =IF((Q84+R84+S84)=0, "", J84/(Q84+R84+S84)) -> 0.011326667 | U84: =(F84+H84+G84)/I84 -> 0.16118221 | V84: =IFERROR( INDEX(Campaign!$A$2:$A$100, MATCH(M88, Campaign!$E$2:$E$100, 0)), "" ) | W84: =IF(TRIM(O84)="","Before", "During") -> Before
A85: P084 | B85: Facebook | C85: 45635 | D85: Image | E85: Check out our latest image on facebook! | F85: 1841 | G85: 851 | H85: 342 | I85: 34979 | J85: =F85+G85+H85+L85 -> 3289 | K85: 34154 | L85: 255 | M85: FutureOfDriving | P85: SustainabilityDrive | Q85: =IFERROR( INDEX(Campaign!$C$2:$C$100, MATCH(M85, Campaign!$E$2:$E$100, 0)), 0 ) -> 0 | R85: =IFERROR( INDEX(Campaign!$C$2:$C$100, MATCH(N85, Campaign!$E$2:$E$100, 0)), 0 ) -> 0 | S85: =IFERROR( INDEX(Campaign!$C$2:$C$100, MATCH(O85, Campaign!$E$2:$E$100, 0)), 0 ) -> 0 | T85: =IF((Q85+R85+S85)=0, "", J85/(Q85+R85+S85)) | U85: =(F85+H85+G85)/I85 -> 0.086737757 | V85: =IFERROR( INDEX(Campaign!$A$2:$A$100, MATCH(M89, Campaign!$E$2:$E$100, 0)), "" ) | W85: =IF(TRIM(O85)="","Before", "During") -> Before
A86: P085 | B86: Instagram | C86: 45766 | D86: Image | E86: Check out our latest image on instagram! | F86: 4177 | G86: 569 | H86: 55 | I86: 25062 | J86: =F86+G86+H86+L86 -> 5031 | K86: 24847 | L86: 230 | M86: FutureOfDriving | P86: CybertruckLaunch | Q86: =IFERROR( INDEX(Campaign!$C$2:$C$100, MATCH(M86, Campaign!$E$2:$E$100, 0)), 0 ) -> 0 | R86: =IFERROR( INDEX(Campaign!$C$2:$C$100, MATCH(N86, Campaign!$E$2:$E$100, 0)), 0 ) -> 0 | S86: =IFERROR( INDEX(Campaign!$C$2:$C$100, MATCH(O86, Campaign!$E$2:$E$100, 0)), 0 ) -> 0 | T86: =IF((Q86+R86+S86)=0, "", J86/(Q86+R86+S86)) | U86: =(F86+H86+G86)/I86 -> 0.19156492 | V86: =IFERROR( INDEX(Campaign!$A$2:$A$100, MATCH(M90, Campaign!$E$2:$E$100, 0)), "" ) -> 45488 | W86: =IF(TRIM(O86)="","Before", "During") -> Before
A87: P086 | B87: YouTube | C87: 45684 | D87: Text | E87: Check out our latest text on youtube! | F87: 3428 | G87: 305 | H87: 85 | I87: 58276 | J87: =F87+G87+H87+L87 -> 4060 | K87: 58052 | L87: 242 | M87: EVRevolution | N87: BetterWithTesla | P87: SustainabilityDrive | Q87: =IFERROR( INDEX(Campaign!$C$2:$C$100, MATCH(M87, Campaign!$E$2:$E$100, 0)), 0 ) -> 150000 | R87: =IFERROR( INDEX(Campaign!$C$2:$C$100, MATCH(N87, Campaign!$E$2:$E$100, 0)), 0 ) -> 180000 | S87: =IFERROR( INDEX(Campaign!$C$2:$C$100, MATCH(O87, Campaign!$E$2:$E$100, 0)), 0 ) -> 0 | T87: =IF((Q87+R87+S87)=0, "", J87/(Q87+R87+S87)) -> 0.01230303 | U87: =(F87+H87+G87)/I87 -> 0.065515821 | V87: =IFERROR( INDEX(Campaign!$A$2:$A$100, MATCH(M91, Campaign!$E$2:$E$100, 0)), "" ) | W87: =IF(TRIM(O87)="","Before", "During") -> Before
A88: P087 | B88: Twitter | C88: 45449 | D88: Video | E88: Check out our latest video on twitter! | F88: 1436 | G88: 765 | H88: 496 | I88: 12924 | J88: =F88+G88+H88+L88 -> 2894 | K88: 12701 | L88: 197 | M88: FutureOfDriving | P88: FSDUpdate | Q88: =IFERROR( INDEX(Campaign!$C$2:$C$100, MATCH(M88, Campaign!$E$2:$E$100, 0)), 0 ) -> 0 | R88: =IFERROR( INDEX(Campaign!$C$2:$C$100, MATCH(N88, Campaign!$E$2:$E$100, 0)), 0 ) -> 0 | S88: =IFERROR( INDEX(Campaign!$C$2:$C$100, MATCH(O88, Campaign!$E$2:$E$100, 0)), 0 ) -> 0 | T88: =IF((Q88+R88+S88)=0, "", J88/(Q88+R88+S88)) | U88: =(F88+H88+G88)/I88 -> 0.20868152 | V88: =IFERROR( INDEX(Campaign!$A$2:$A$100, MATCH(M92, Campaign!$E$2:$E$100, 0)), "" ) -> 45488 | W88: =IF(TRIM(O88)="","Before", "During") -> Before
A89: P088 | B89: Facebook | C89: 45480 | D89: Story | E89: Check out our latest story on facebook! | F89: 302 | G89: 47 | H89: 430 | I89: 5738 | J89: =F89+G89+H89+L89 -> 804 | K89: 4890 | L89: 25 | M89: TeslaCoInnovation | P89: SustainabilityDrive | Q89: =IFERROR( INDEX(Campaign!$C$2:$C$100, MATCH(M89, Campaign!$E$2:$E$100, 0)), 0 ) -> 0 | R89: =IFERROR( INDEX(Campaign!$C$2:$C$100, MATCH(N89, Campaign!$E$2:$E$100, 0)), 0 ) -> 0 | S89: =IFERROR( INDEX(Campaign!$C$2:$C$100, MATCH(O89, Campaign!$E$2:$E$100, 0)), 0 ) -> 0 | T89: =IF((Q89+R89+S89)=0, "", J89/(Q89+R89+S89)) | U89: =(F89+H89+G89)/I89 -> 0.13576159 | V89: =IFERROR( INDEX(Campaign!$A$2:$A$100, MATCH(M93, Campaign!$E$2:$E$100, 0)), "" ) | W89: =IF(TRIM(O89)="","Before", "During") -> Before
A90: P089 | B90: Twitter | C90: 45667 | D90: Image | E90: Check out our latest image on twitter! | F90: 2214 | G90: 249 | H90: 152 | I90: 15498 | J90: =F90+G90+H90+L90 -> 2795 | K90: 14800 | L90: 180 | M90: EVRevolution | Q90: =IFERROR( INDEX(Campaign!$C$2:$C$100, MATCH(M90, Campaign!$E$2:$E$100, 0)), 0 ) -> 150000 | R90: =IFERROR( INDEX(Campaign!$C$2:$C$100, MATCH(N90, Campaign!$E$2:$E$100, 0)), 0 ) -> 0 | S90: =IFERROR( INDEX(Campaign!$C$2:$C$100, MATCH(O90, Campaign!$E$2:$E$100, 0)), 0 ) -> 0 | T90: =IF((Q90+R90+S90)=0, "", J90/(Q90+R90+S90)) -> 0.018633333 | U90: =(F90+H90+G90)/I90 -> 0.16873145 | V90: =IFERROR( INDEX(Campaign!$A$2:$A$100, MATCH(M94, Campaign!$E$2:$E$100, 0)), "" ) -> 45488 | W90: =IF(TRIM(O90)="","Before", "During") -> Before
A91: P090 | B91: Instagram | C91: 45446 | D91: Image | E91: Check out our latest image on instagram! | F91: 3861 | G91: 960 | H91: 101 | I91: 69498 | J91: =F91+G91+H91+L91 -> 5219 | K91: 68817 | L91: 297 | M91: TeslaCoInnovation | P91: SustainabilityDrive | Q91: =IFERROR( INDEX(Campaign!$C$2:$C$100, MATCH(M91, Campaign!$E$2:$E$100, 0)), 0 ) -> 0 | R91: =IFERROR( INDEX(Campaign!$C$2:$C$100, MATCH(N91, Campaign!$E$2:$E$100, 0)), 0 ) -> 0 | S91: =IFERROR( INDEX(Campaign!$C$2:$C$100, MATCH(O91, Campaign!$E$2:$E$100, 0)), 0 ) -> 0 | T91: =IF((Q91+R91+S91)=0, "", J91/(Q91+R91+S91)) | U91: =(F91+H91+G91)/I91 -> 0.070822182 | V91: =IFERROR( INDEX(Campaign!$A$2:$A$100, MATCH(M95, Campaign!$E$2:$E$100, 0)), "" ) | W91: =IF(TRIM(O91)="","Before", "During") -> Before
A92: P091 | B92: Facebook | C92: 45740 | D92: Image | E92: Check out our latest image on facebook! | F92: 1263 | G92: 397 | H92: 357 | I92: 25260 | J92: =F92+G92+H92+L92 -> 2154 | K92: 24615 | L92: 137 | M92: EVRevolution | P92: SustainabilityDrive | Q92: =IFERROR( INDEX(Campaign!$C$2:$C$100, MATCH(M92, Campaign!$E$2:$E$100, 0)), 0 ) -> 150000 | R92: =IFERROR( INDEX(Campaign!$C$2:$C$100, MATCH(N92, Campaign!$E$2:$E$100, 0)), 0 ) -> 0 | S92: =IFERROR( INDEX(Campaign!$C$2:$C$100, MATCH(O92, Campaign!$E$2:$E$100, 0)), 0 ) -> 0 | T92: =IF((Q92+R92+S92)=0, "", J92/(Q92+R92+S92)) -> 0.01436 | U92: =(F92+H92+G92)/I92 -> 0.079849565 | V92: =IFERROR( INDEX(Campaign!$A$2:$A$100, MATCH(M96, Campaign!$E$2:$E$100, 0)), "" ) | W92: =IF(TRIM(O92)="","Before", "During") -> Before
A93: P092 | B93: Twitter | C93: 45586 | D93: Story | E93: Check out our latest story on twitter! | F93: 3801 | G93: 967 | H93: 401 | I93: 38010 | J93: =F93+G93+H93+L93 -> 5405 | K93: 37625 | L93: 236 | M93: FutureOfDriving | P93: FSDUpdate | Q93: =IFERROR( INDEX(Campaign!$C$2:$C$100, MATCH(M93, Campaign!$E$2:$E$100, 0)), 0 ) -> 0 | R93: =IFERROR( INDEX(Campaign!$C$2:$C$100, MATCH(N93, Campaign!$E$2:$E$100, 0)), 0 ) -> 0 | S93: =IFERROR( INDEX(Campaign!$C$2:$C$100, MATCH(O93, Campaign!$E$2:$E$100, 0)), 0 ) -> 0 | T93: =IF((Q93+R93+S93)=0, "", J93/(Q93+R93+S93)) | U93: =(F93+H93+G93)/I93 -> 0.13599053 | V93: =IFERROR( INDEX(Campaign!$A$2:$A$100, MATCH(M97, Campaign!$E$2:$E$100, 0)), "" ) | W93: =IF(TRIM(O93)="","Before", "During") -> Before
A94: P093 | B94: Instagram | C94: 45637 | D94: Video | E94: Check out our latest video on instagram! | F94: 1431 | G94: 951 | H94: 26 | I94: 8586 | J94: =F94+G94+H94+L94 -> 2558 | K94: 8396 | L94: 150 | M94: EVRevolution | P94: FSDUpdate | Q94: =IFERROR( INDEX(Campaign!$C$2:$C$100, MATCH(M94, Campaign!$E$2:$E$100, 0)), 0 ) -> 150000 | R94: =IFERROR( INDEX(Campaign!$C$2:$C$100, MATCH(N94, Campaign!$E$2:$E$100, 0)), 0 ) -> 0 | S94: =IFERROR( INDEX(Campaign!$C$2:$C$100, MATCH(O94, Campaign!$E$2:$E$100, 0)), 0 ) -> 0 | T94: =IF((Q94+R94+S94)=0, "", J94/(Q94+R94+S94)) -> 0.017053333 | U94: =(F94+H94+G94)/I94 -> 0.28045656 | V94: =IFERROR( INDEX(Campaign!$A$2:$A$100, MATCH(M98, Campaign!$E$2:$E$100, 0)), "" ) | W94: =IF(TRIM(O94)="","Before", "During") -> Before
A95: P094 | B95: Instagram | C95: 45603 | D95: Image | E95: Check out our latest image on instagram! | F95: 2647 | G95: 304 | H95: 170 | I95: 18529 | J95: =F95+G95+H95+L95 -> 3167 | K95: 17841 | L95: 46 | M95: FutureOfDriving | P95: FSDUpdate | Q95: =IFERROR( INDEX(Campaign!$C$2:$C$100, MATCH(M95, Campaign!$E$2:$E$100, 0)), 0 ) -> 0 | R95: =IFERROR( INDEX(Campaign!$C$2:$C$100, MATCH(N95, Campaign!$E$2:$E$100, 0)), 0 ) -> 0 | S95: =IFERROR( INDEX(Campaign!$C$2:$C$100, MATCH(O95, Campaign!$E$2:$E$100, 0)), 0 ) -> 0 | T95: =IF((Q95+R95+S95)=0, "", J95/(Q95+R95+S95)) | U95: =(F95+H95+G95)/I95 -> 0.16843866 | V95: =IFERROR( INDEX(Campaign!$A$2:$A$100, MATCH(M99, Campaign!$E$2:$E$100, 0)), "" ) | W95: =IF(TRIM(O95)="","Before", "During") -> Before
A96: P095 | B96: Instagram | C96: 45604 | D96: Text | E96: Check out our latest text on instagram! | F96: 3182 | G96: 559 | H96: 160 | I96: 57276 | J96: =F96+G96+H96+L96 -> 4064 | K96: 56890 | L96: 163 | M96: FutureOfDriving | P96: SustainabilityDrive | Q96: =IFERROR( INDEX(Campaign!$C$2:$C$100, MATCH(M96, Campaign!$E$2:$E$100, 0)), 0 ) -> 0 | R96: =IFERROR( INDEX(Campaign!$C$2:$C$100, MATCH(N96, Campaign!$E$2:$E$100, 0)), 0 ) -> 0 | S96: =IFERROR( INDEX(Campaign!$C$2:$C$100, MATCH(O96, Campaign!$E$2:$E$100, 0)), 0 ) -> 0 | T96: =IF((Q96+R96+S96)=0, "", J96/(Q96+R96+S96)) | U96: =(F96+H96+G96)/I96 -> 0.068108806 | V96: =IFERROR( INDEX(Campaign!$A$2:$A$100, MATCH(M100, Campaign!$E$2:$E$100, 0)), "" ) | W96: =IF(TRIM(O96)="","Before", "During") -> Before
A97: P096 | B97: Twitter | C97: 45545 | D97: Image | E97: Check out our latest image on twitter! | F97: 1238 | G97: 366 | H97: 444 | I97: 19808 | J97: =F97+G97+H97+L97 -> 2171 | K97: 19334 | L97: 123 | M97: FutureOfDriving | Q97: =IFERROR( INDEX(Campaign!$C$2:$C$100, MATCH(M97, Campaign!$E$2:$E$100, 0)), 0 ) -> 0 | R97: =IFERROR( INDEX(Campaign!$C$2:$C$100, MATCH(N97, Campaign!$E$2:$E$100, 0)), 0 ) -> 0 | S97: =IFERROR( INDEX(Campaign!$C$2:$C$100, MATCH(O97, Campaign!$E$2:$E$100, 0)), 0 ) -> 0 | T97: =IF((Q97+R97+S97)=0, "", J97/(Q97+R97+S97)) | U97: =(F97+H97+G97)/I97 -> 0.10339257 | V97: =IFERROR( INDEX(Campaign!$A$2:$A$100, MATCH(M101, Campaign!$E$2:$E$100, 0)), "" ) -> 45488 | W97: =IF(TRIM(O97)="","Before", "During") -> Before
A98: P097 | B98: Instagram | C98: 45517 | D98: Image | E98: Check out our latest image on instagram! | F98: 4739 | G98: 527 | H98: 135 | I98: 61607 | J98: =F98+G98+H98+L98 -> 5437 | K98: 61333 | L98: 36 | M98: TeslaCoInnovation | N98: AnytimeIsTeslaTime | P98: ModelYCampaign | Q98: =IFERROR( INDEX(Campaign!$C$2:$C$100, MATCH(M98, Campaign!$E$2:$E$100, 0)), 0 ) -> 0 | R98: =IFERROR( INDEX(Campaign!$C$2:$C$100, MATCH(N98, Campaign!$E$2:$E$100, 0)), 0 ) -> 200000 | S98: =IFERROR( INDEX(Campaign!$C$2:$C$100, MATCH(O98, Campaign!$E$2:$E$100, 0)), 0 ) -> 0 | T98: =IF((Q98+R98+S98)=0, "", J98/(Q98+R98+S98)) -> 0.027185 | U98: =(F98+H98+G98)/I98 -> 0.087668609 | V98: =IFERROR( INDEX(Campaign!$A$2:$A$100, MATCH(M102, Campaign!$E$2:$E$100, 0)), "" ) | W98: =IF(TRIM(O98)="","Before", "During") -> Before
A99: P098 | B99: Twitter | C99: 45453 | D99: Story | E99: Check out our latest story on twitter! | F99: 1575 | G99: 771 | H99: 486 | I99: 25200 | J99: =F99+G99+H99+L99 -> 2849 | K99: 24826 | L99: 17 | M99: FutureOfDriving | P99: SustainabilityDrive | Q99: =IFERROR( INDEX(Campaign!$C$2:$C$100, MATCH(M99, Campaign!$E$2:$E$100, 0)), 0 ) -> 0 | R99: =IFERROR( INDEX(Campaign!$C$2:$C$100, MATCH(N99, Campaign!$E$2:$E$100, 0)), 0 ) -> 0 | S99: =IFERROR( INDEX(Campaign!$C$2:$C$100, MATCH(O99, Campaign!$E$2:$E$100, 0)), 0 ) -> 0 | T99: =IF((Q99+R99+S99)=0, "", J99/(Q99+R99+S99)) | U99: =(F99+H99+G99)/I99 -> 0.11238095 | V99: =IFERROR( INDEX(Campaign!$A$2:$A$100, MATCH(M103, Campaign!$E$2:$E$100, 0)), "" ) -> 45488 | W99: =IF(TRIM(O99)="","Before", "During") -> Before
A100: P099 | B100: YouTube | C100: 45475 | D100: Carousel | E100: Check out our latest carousel on youtube! | F100: 4171 | G100: 548 | H100: 86 | I100: 66736 | J100: =F100+G100+H100+L100 -> 4978 | K100: 66634 | L100: 173 | M100: FutureOfDriving | P100: FSDUpdate | Q100: =IFERROR( INDEX(Campaign!$C$2:$C$100, MATCH(M100, Campaign!$E$2:$E$100, 0)), 0 ) -> 0 | R100: =IFERROR( INDEX(Campaign!$C$2:$C$100, MATCH(N100, Campaign!$E$2:$E$100, 0)), 0 ) -> 0 | S100: =IFERROR( INDEX(Campaign!$C$2:$C$100, MATCH(O100, Campaign!$E$2:$E$100, 0)), 0 ) -> 0 | T100: =IF((Q100+R100+S100)=0, "", J100/(Q100+R100+S100)) | U100: =(F100+H100+G100)/I100 -> 0.07200012 | V100: =IFERROR( INDEX(Campaign!$A$2:$A$100, MATCH(M104, Campaign!$E$2:$E$100, 0)), "" ) -> 45488 | W100: =IF(TRIM(O100)="","Before", "During") -> Before
...

Sheet Engagement
A1: Week_Start_Date | B1: Platform | C1: New_Followers | D1: Unfollows | E1: Total_Followers | F1: Engagement_Rate | G1: Ad_Spend
A2: 45446 | B2: Instagram | C2: 1135 | D2: 88 | E2: 344084 | F2: 8.06 | G2: 5904
A3: 45446 | B3: Facebook | C3: 1312 | D3: 310 | E3: 42654 | F3: 4.98 | G3: 9566
A4: 45446 | B4: Twitter | C4: 584 | D4: 169 | E4: 146834 | F4: 8.31 | G4: 26752
A5: 45446 | B5: YouTube | C5: 1535 | D5: 445 | E5: 395536 | F5: 4.11 | G5: 30671
A6: 45453 | B6: Instagram | C6: 656 | D6: 139 | E6: 49157 | F6: 9.05 | G6: 9920
A7: 45453 | B7: Facebook | C7: 1697 | D7: 414 | E7: 316555 | F7: 2.37 | G7: 7924
A8: 45453 | B8: Twitter | C8: 436 | D8: 250 | E8: 254347 | F8: 4.01 | G8: 8912
A9: 45453 | B9: YouTube | C9: 1197 | D9: 203 | E9: 413878 | F9: 3.16 | G9: 21205
A10: 45460 | B10: Instagram | C10: 1048 | D10: 155 | E10: 456946 | F10: 2.46 | G10: 11329
A11: 45460 | B11: Facebook | C11: 1753 | D11: 371 | E11: 169496 | F11: 8.11 | G11: 46670
A12: 45460 | B12: Twitter | C12: 1335 | D12: 40 | E12: 122732 | F12: 8.19 | G12: 22482
A13: 45460 | B13: YouTube | C13: 403 | D13: 66 | E13: 382851 | F13: 3.49 | G13: 24313
... A201: 45789 | B201: YouTube | C201: 119 | D201: 456 | E201: 82558 | F201: 6.81 | G201: 12174

Sheet Campaign
A1: End_Date | B1: Objective | C1: Total_Budget | D1: Target_Platforms | E1: Primary_Hashtags | F1: Primary Hashtags
A2: 45488 | B2: Product Awareness | C2: 150000 | D2: Instagram,Facebook | E2: EVRevolution | F2: TeslaCoInnovation
A3: 45596 | B3: Customer Engagement | C3: 200000 | D3: Instagram,YouTube | E3: AnytimeIsTeslaTime
A4: 45667 | B4: Vehicle Launch | C4: 250000 | D4: Facebook,Twitter | E4: SmoothLikeNitroTesla
A5: 45747 | B5: Community Growth | C5: 180000 | D5: Instagram,Twitter | E5: BetterWithTesla | F5: FutureOfDriving

Sheet ROI
A3: Row Labels | B3: Average of ROI
A4: CybertruckLaunch | B4: 0.023996233
A5: FSDUpdate | B5: 0.021297118
A6: ModelYCampaign | B6: 0.02145561
A7: SustainabilityDrive | B7: 0.023611785
A8: (blank) | B8: 0.019235729
A9: Grand Total | B9: 0.022117681
A12: CybertruckLaunch had the highest ROI (engagement vs. spend)

Sheet Growth
A3: Row Labels | B3: Average of Growth
A4: CybertruckLaunch | B4: 0.12925934
A5: FSDUpdate | B5: 0.14399919
A6: ModelYCampaign | B6: 0.14125279
A7: SustainabilityDrive | B7: 0.15203856
A8: (blank) | B8: 0.17223258
A9: Grand Total | B9: 0.14828272
A13: the campaign with the strongest follower growth is SustainabilityDrive with an average growth of 0.152.

Sheet Per Compaign Engagement
A3: Row Labels | B3: Sum of Impressions | C3: Average of Impressions | D3: Sum of Likes | E3: Average of Likes | F3: Sum of Clicks | G3: Average of Clicks
A4: CybertruckLaunch | B4: 1846272 | C4: 38464 | D4: 138793 | E4: 2891.5208 | F4: 6434 | G4: 134.04167
A5: FSDUpdate | B5: 2266053 | C5: 33821.687 | D5: 183346 | E5: 2736.5075 | F5: 10032 | G5: 149.73134
A6: ModelYCampaign | B6: 1986356 | C6: 34247.517 | D6: 159783 | E6: 2754.8793 | F6: 9872 | G6: 170.2069
A7: SustainabilityDrive | B7: 2464864 | C7: 34716.394 | D7: 187909 | E7: 2646.6056 | F7: 10689 | G7: 150.5493
A8: (blank) | B8: 1830608 | C8: 32689.429 | D8: 150160 | E8: 2681.4286 | F8: 8339 | G8: 148.91071
A9: Grand Total | B9: 10394153 | C9: 34647.177 | D9: 819991 | E9: 2733.3033 | F9: 45366 | G9: 151.22
